assumption,office,geography_id,state_po,district_num,mean_dem_share,sigma,dem_win_prob,source,boundary_confidence,litigation_risk
shrinkage=0.25,us_house,state:02|district:cong_00,AK,0.0,0.440084600273921,0.11214528266032361,0.29835,model,unchanged,none
shrinkage=0.25,us_house,state:01|district:cong_01,AL,1.0,0.36173042874118666,0.1450431555000947,0.1721,fallback_state_lean,redrawn,active
shrinkage=0.25,us_house,state:01|district:cong_02,AL,2.0,0.5205218609404896,0.1450431555000947,0.5587,fallback_state_lean,redrawn,active
shrinkage=0.25,us_house,state:01|district:cong_03,AL,3.0,0.36173042874118666,0.1450431555000947,0.1681,fallback_state_lean,redrawn,active
shrinkage=0.25,us_house,state:01|district:cong_04,AL,4.0,0.36173042874118666,0.1450431555000947,0.17265,fallback_state_lean,redrawn,active
shrinkage=0.25,us_house,state:01|district:cong_05,AL,5.0,0.36173042874118666,0.1450431555000947,0.1689,fallback_state_lean,redrawn,active
shrinkage=0.25,us_house,state:01|district:cong_06,AL,6.0,0.36173042874118666,0.1450431555000947,0.16725,fallback_state_lean,redrawn,active
shrinkage=0.25,us_house,state:01|district:cong_07,AL,7.0,0.5205218609404896,0.1450431555000947,0.55985,fallback_state_lean,redrawn,active
shrinkage=0.25,us_house,state:05|district:cong_01,AR,1.0,0.3067425440084586,0.11214528266032361,0.0414,model,unchanged,none
shrinkage=0.25,us_house,state:05|district:cong_02,AR,2.0,0.3946861174726247,0.11214528266032361,0.1726,model,unchanged,none
shrinkage=0.25,us_house,state:05|district:cong_03,AR,3.0,0.3524573996531865,0.11214528266032361,0.0969,model,unchanged,none
shrinkage=0.25,us_house,state:05|district:cong_04,AR,4.0,0.3192501759209943,0.11214528266032361,0.0519,model,unchanged,none
shrinkage=0.25,us_house,state:04|district:cong_01,AZ,1.0,0.43261640358486636,0.11214528266032361,0.27505,model,unchanged,none
shrinkage=0.25,us_house,state:04|district:cong_02,AZ,2.0,0.41871965795523114,0.11214528266032361,0.23425,model,unchanged,none
shrinkage=0.25,us_house,state:04|district:cong_03,AZ,3.0,0.7244553268870325,0.11214528266032361,0.97725,model,unchanged,none
shrinkage=0.25,us_house,state:04|district:cong_04,AZ,4.0,0.6217261486065926,0.11214528266032361,0.8607,model,unchanged,none
shrinkage=0.25,us_house,state:04|district:cong_05,AZ,5.0,0.38684187282408805,0.11214528266032361,0.1523,model,unchanged,none
shrinkage=0.25,us_house,state:04|district:cong_06,AZ,6.0,0.4359615960127216,0.11214528266032361,0.28425,model,unchanged,none
shrinkage=0.25,us_house,state:04|district:cong_07,AZ,7.0,0.6742875516702572,0.11214528266032361,0.93755,model,unchanged,none
shrinkage=0.25,us_house,state:04|district:cong_08,AZ,8.0,0.4078232344757862,0.11214528266032361,0.20395,model,unchanged,none
shrinkage=0.25,us_house,state:04|district:cong_09,AZ,9.0,0.36034402258177767,0.11214528266032361,0.10305,model,unchanged,none
shrinkage=0.25,us_house,state:06|district:cong_01,CA,1.0,0.5011978840575391,0.1450431555000947,0.5035,fallback_state_lean,redrawn,none
shrinkage=0.25,us_house,state:06|district:cong_02,CA,2.0,0.6599893162568421,0.1450431555000947,0.86635,fallback_state_lean,redrawn,none
shrinkage=0.25,us_house,state:06|district:cong_03,CA,3.0,0.5011978840575391,0.1450431555000947,0.50285,fallback_state_lean,redrawn,none
shrinkage=0.25,us_house,state:06|district:cong_04,CA,4.0,0.6599893162568421,0.1450431555000947,0.8623,fallback_state_lean,redrawn,none
shrinkage=0.25,us_house,state:06|district:cong_05,CA,5.0,0.5011978840575391,0.1450431555000947,0.50605,fallback_state_lean,redrawn,none
shrinkage=0.25,us_house,state:06|district:cong_06,CA,6.0,0.6599893162568421,0.1450431555000947,0.86005,fallback_state_lean,redrawn,none
shrinkage=0.25,us_house,state:06|district:cong_07,CA,7.0,0.6599893162568421,0.1450431555000947,0.86385,fallback_state_lean,redrawn,none
shrinkage=0.25,us_house,state:06|district:cong_08,CA,8.0,0.6599893162568421,0.1450431555000947,0.86415,fallback_state_lean,redrawn,none
shrinkage=0.25,us_house,state:06|district:cong_09,CA,9.0,0.6599893162568421,0.1450431555000947,0.8625,fallback_state_lean,redrawn,none
shrinkage=0.25,us_house,state:06|district:cong_10,CA,10.0,0.6599893162568421,0.1450431555000947,0.8661,fallback_state_lean,redrawn,none
shrinkage=0.25,us_house,state:06|district:cong_11,CA,11.0,0.6599893162568421,0.1450431555000947,0.8624,fallback_state_lean,redrawn,none
shrinkage=0.25,us_house,state:06|district:cong_12,CA,12.0,0.6599893162568421,0.1450431555000947,0.86355,fallback_state_lean,redrawn,none
shrinkage=0.25,us_house,state:06|district:cong_13,CA,13.0,0.6599893162568421,0.1450431555000947,0.8599,fallback_state_lean,redrawn,none
shrinkage=0.25,us_house,state:06|district:cong_14,CA,14.0,0.6599893162568421,0.1450431555000947,0.8669,fallback_state_lean,redrawn,none
shrinkage=0.25,us_house,state:06|district:cong_15,CA,15.0,0.6599893162568421,0.1450431555000947,0.8613,fallback_state_lean,redrawn,none
shrinkage=0.25,us_house,state:06|district:cong_16,CA,16.0,0.6599893162568421,0.1450431555000947,0.8629,fallback_state_lean,redrawn,none
shrinkage=0.25,us_house,state:06|district:cong_17,CA,17.0,0.6599893162568421,0.1450431555000947,0.86365,fallback_state_lean,redrawn,none
shrinkage=0.25,us_house,state:06|district:cong_18,CA,18.0,0.6599893162568421,0.1450431555000947,0.86255,fallback_state_lean,redrawn,none
shrinkage=0.25,us_house,state:06|district:cong_19,CA,19.0,0.6599893162568421,0.1450431555000947,0.8613,fallback_state_lean,redrawn,none
shrinkage=0.25,us_house,state:06|district:cong_20,CA,20.0,0.5011978840575391,0.1450431555000947,0.50205,fallback_state_lean,redrawn,none
shrinkage=0.25,us_house,state:06|district:cong_21,CA,21.0,0.6599893162568421,0.1450431555000947,0.8631,fallback_state_lean,redrawn,none
shrinkage=0.25,us_house,state:06|district:cong_22,CA,22.0,0.5011978840575391,0.1450431555000947,0.5005,fallback_state_lean,redrawn,none
shrinkage=0.25,us_house,state:06|district:cong_23,CA,23.0,0.5011978840575391,0.1450431555000947,0.49865,fallback_state_lean,redrawn,none
shrinkage=0.25,us_house,state:06|district:cong_24,CA,24.0,0.6599893162568421,0.1450431555000947,0.8606,fallback_state_lean,redrawn,none
shrinkage=0.25,us_house,state:06|district:cong_25,CA,25.0,0.6599893162568421,0.1450431555000947,0.8616,fallback_state_lean,redrawn,none
shrinkage=0.25,us_house,state:06|district:cong_26,CA,26.0,0.6599893162568421,0.1450431555000947,0.8633,fallback_state_lean,redrawn,none
shrinkage=0.25,us_house,state:06|district:cong_27,CA,27.0,0.6599893162568421,0.1450431555000947,0.8625,fallback_state_lean,redrawn,none
shrinkage=0.25,us_house,state:06|district:cong_28,CA,28.0,0.6599893162568421,0.1450431555000947,0.864,fallback_state_lean,redrawn,none
shrinkage=0.25,us_house,state:06|district:cong_29,CA,29.0,0.6599893162568421,0.1450431555000947,0.86275,fallback_state_lean,redrawn,none
shrinkage=0.25,us_house,state:06|district:cong_30,CA,30.0,0.6599893162568421,0.1450431555000947,0.86165,fallback_state_lean,redrawn,none
shrinkage=0.25,us_house,state:06|district:cong_31,CA,31.0,0.6599893162568421,0.1450431555000947,0.8661,fallback_state_lean,redrawn,none
shrinkage=0.25,us_house,state:06|district:cong_32,CA,32.0,0.6599893162568421,0.1450431555000947,0.8626,fallback_state_lean,redrawn,none
shrinkage=0.25,us_house,state:06|district:cong_33,CA,33.0,0.6599893162568421,0.1450431555000947,0.86435,fallback_state_lean,redrawn,none
shrinkage=0.25,us_house,state:06|district:cong_34,CA,34.0,0.6599893162568421,0.1450431555000947,0.8647,fallback_state_lean,redrawn,none
shrinkage=0.25,us_house,state:06|district:cong_35,CA,35.0,0.6599893162568421,0.1450431555000947,0.8683,fallback_state_lean,redrawn,none
shrinkage=0.25,us_house,state:06|district:cong_36,CA,36.0,0.6599893162568421,0.1450431555000947,0.86515,fallback_state_lean,redrawn,none
shrinkage=0.25,us_house,state:06|district:cong_37,CA,37.0,0.6599893162568421,0.1450431555000947,0.86265,fallback_state_lean,redrawn,none
shrinkage=0.25,us_house,state:06|district:cong_38,CA,38.0,0.6599893162568421,0.1450431555000947,0.866,fallback_state_lean,redrawn,none
shrinkage=0.25,us_house,state:06|district:cong_39,CA,39.0,0.6599893162568421,0.1450431555000947,0.86325,fallback_state_lean,redrawn,none
shrinkage=0.25,us_house,state:06|district:cong_40,CA,40.0,0.5011978840575391,0.1450431555000947,0.5036,fallback_state_lean,redrawn,none
shrinkage=0.25,us_house,state:06|district:cong_41,CA,41.0,0.5011978840575391,0.1450431555000947,0.5018,fallback_state_lean,redrawn,none
shrinkage=0.25,us_house,state:06|district:cong_42,CA,42.0,0.6599893162568421,0.1450431555000947,0.8626,fallback_state_lean,redrawn,none
shrinkage=0.25,us_house,state:06|district:cong_43,CA,43.0,0.6599893162568421,0.1450431555000947,0.86395,fallback_state_lean,redrawn,none
shrinkage=0.25,us_house,state:06|district:cong_44,CA,44.0,0.6599893162568421,0.1450431555000947,0.8629,fallback_state_lean,redrawn,none
shrinkage=0.25,us_house,state:06|district:cong_45,CA,45.0,0.6599893162568421,0.1450431555000947,0.86365,fallback_state_lean,redrawn,none
shrinkage=0.25,us_house,state:06|district:cong_46,CA,46.0,0.6599893162568421,0.1450431555000947,0.86425,fallback_state_lean,redrawn,none
shrinkage=0.25,us_house,state:06|district:cong_47,CA,47.0,0.6599893162568421,0.1450431555000947,0.86355,fallback_state_lean,redrawn,none
shrinkage=0.25,us_house,state:06|district:cong_48,CA,48.0,0.5011978840575391,0.1450431555000947,0.50365,fallback_state_lean,redrawn,none
shrinkage=0.25,us_house,state:06|district:cong_49,CA,49.0,0.6599893162568421,0.1450431555000947,0.8642,fallback_state_lean,redrawn,none
shrinkage=0.25,us_house,state:06|district:cong_50,CA,50.0,0.6599893162568421,0.1450431555000947,0.865,fallback_state_lean,redrawn,none
shrinkage=0.25,us_house,state:06|district:cong_51,CA,51.0,0.6599893162568421,0.1450431555000947,0.863,fallback_state_lean,redrawn,none
shrinkage=0.25,us_house,state:06|district:cong_52,CA,52.0,0.6599893162568421,0.1450431555000947,0.8626,fallback_state_lean,redrawn,none
shrinkage=0.25,us_house,state:08|district:cong_01,CO,1.0,0.7528951554037633,0.11214528266032361,0.98745,model,unchanged,none
shrinkage=0.25,us_house,state:08|district:cong_02,CO,2.0,0.711047976900466,0.11214528266032361,0.96785,model,unchanged,none
shrinkage=0.25,us_house,state:08|district:cong_03,CO,3.0,0.4289949653500659,0.11214528266032361,0.2631,model,unchanged,none
shrinkage=0.25,us_house,state:08|district:cong_04,CO,4.0,0.41018021560577844,0.11214528266032361,0.2094,model,unchanged,none
shrinkage=0.25,us_house,state:08|district:cong_05,CO,5.0,0.40393754273990806,0.11214528266032361,0.19155,model,unchanged,none
shrinkage=0.25,us_house,state:08|district:cong_06,CO,6.0,0.6585250267055646,0.11214528266032361,0.92105,model,unchanged,none
shrinkage=0.25,us_house,state:08|district:cong_07,CO,7.0,0.6413720834195258,0.11214528266032361,0.89555,model,unchanged,none
shrinkage=0.25,us_house,state:08|district:cong_08,CO,8.0,0.4408702857686397,0.11214528266032361,0.2934,model,unchanged,none
shrinkage=0.25,us_house,state:09|district:cong_01,CT,1.0,0.6730551614269584,0.11214528266032361,0.93645,model,unchanged,none
shrinkage=0.25,us_house,state:09|district:cong_02,CT,2.0,0.6449621993475101,0.11214528266032361,0.8986,model,unchanged,none
shrinkage=0.25,us_house,state:09|district:cong_03,CT,3.0,0.6546996943142726,0.11214528266032361,0.91435,model,unchanged,none
shrinkage=0.25,us_house,state:09|district:cong_04,CT,4.0,0.6667483130327677,0.11214528266032361,0.93105,model,unchanged,none
shrinkage=0.25,us_house,state:09|district:cong_05,CT,5.0,0.613262702368543,0.11214528266032361,0.84055,model,unchanged,none
shrinkage=0.25,us_house,state:10|district:cong_00,DE,0.0,0.6441368794085542,0.11214528266032361,0.8999,model,unchanged,none
shrinkage=0.25,us_house,state:12|district:cong_01,FL,1.0,0.4093851449949913,0.1450431555000947,0.264,fallback_state_lean,redrawn,none
shrinkage=0.25,us_house,state:12|district:cong_02,FL,2.0,0.4093851449949913,0.1450431555000947,0.2648,fallback_state_lean,redrawn,none
shrinkage=0.25,us_house,state:12|district:cong_03,FL,3.0,0.4093851449949913,0.1450431555000947,0.26435,fallback_state_lean,redrawn,none
shrinkage=0.25,us_house,state:12|district:cong_04,FL,4.0,0.4093851449949913,0.1450431555000947,0.26485,fallback_state_lean,redrawn,none
shrinkage=0.25,us_house,state:12|district:cong_05,FL,5.0,0.4093851449949913,0.1450431555000947,0.266,fallback_state_lean,redrawn,none
shrinkage=0.25,us_house,state:12|district:cong_06,FL,6.0,0.4093851449949913,0.1450431555000947,0.26755,fallback_state_lean,redrawn,none
shrinkage=0.25,us_house,state:12|district:cong_07,FL,7.0,0.4093851449949913,0.1450431555000947,0.27115,fallback_state_lean,redrawn,none
shrinkage=0.25,us_house,state:12|district:cong_08,FL,8.0,0.4093851449949913,0.1450431555000947,0.2661,fallback_state_lean,redrawn,none
shrinkage=0.25,us_house,state:12|district:cong_09,FL,9.0,0.5681765771942943,0.1450431555000947,0.6801,fallback_state_lean,redrawn,none
shrinkage=0.25,us_house,state:12|district:cong_10,FL,10.0,0.5681765771942943,0.1450431555000947,0.6826,fallback_state_lean,redrawn,none
shrinkage=0.25,us_house,state:12|district:cong_11,FL,11.0,0.4093851449949913,0.1450431555000947,0.26065,fallback_state_lean,redrawn,none
shrinkage=0.25,us_house,state:12|district:cong_12,FL,12.0,0.4093851449949913,0.1450431555000947,0.26405,fallback_state_lean,redrawn,none
shrinkage=0.25,us_house,state:12|district:cong_13,FL,13.0,0.4093851449949913,0.1450431555000947,0.26615,fallback_state_lean,redrawn,none
shrinkage=0.25,us_house,state:12|district:cong_14,FL,14.0,0.5681765771942943,0.1450431555000947,0.678,fallback_state_lean,redrawn,none
shrinkage=0.25,us_house,state:12|district:cong_15,FL,15.0,0.4093851449949913,0.1450431555000947,0.26275,fallback_state_lean,redrawn,none
shrinkage=0.25,us_house,state:12|district:cong_16,FL,16.0,0.4093851449949913,0.1450431555000947,0.2642,fallback_state_lean,redrawn,none
shrinkage=0.25,us_house,state:12|district:cong_17,FL,17.0,0.4093851449949913,0.1450431555000947,0.26545,fallback_state_lean,redrawn,none
shrinkage=0.25,us_house,state:12|district:cong_18,FL,18.0,0.4093851449949913,0.1450431555000947,0.2633,fallback_state_lean,redrawn,none
shrinkage=0.25,us_house,state:12|district:cong_19,FL,19.0,0.4093851449949913,0.1450431555000947,0.2648,fallback_state_lean,redrawn,none
shrinkage=0.25,us_house,state:12|district:cong_20,FL,20.0,0.5681765771942943,0.1450431555000947,0.68215,fallback_state_lean,redrawn,none
shrinkage=0.25,us_house,state:12|district:cong_21,FL,21.0,0.4093851449949913,0.1450431555000947,0.26065,fallback_state_lean,redrawn,none
shrinkage=0.25,us_house,state:12|district:cong_22,FL,22.0,0.5681765771942943,0.1450431555000947,0.6792,fallback_state_lean,redrawn,none
shrinkage=0.25,us_house,state:12|district:cong_23,FL,23.0,0.5681765771942943,0.1450431555000947,0.6801,fallback_state_lean,redrawn,none
shrinkage=0.25,us_house,state:12|district:cong_24,FL,24.0,0.5681765771942943,0.1450431555000947,0.67795,fallback_state_lean,redrawn,none
shrinkage=0.25,us_house,state:12|district:cong_25,FL,25.0,0.5681765771942943,0.1450431555000947,0.67785,fallback_state_lean,redrawn,none
shrinkage=0.25,us_house,state:12|district:cong_26,FL,26.0,0.4093851449949913,0.1450431555000947,0.2625,fallback_state_lean,redrawn,none
shrinkage=0.25,us_house,state:12|district:cong_27,FL,27.0,0.4093851449949913,0.1450431555000947,0.26275,fallback_state_lean,redrawn,none
shrinkage=0.25,us_house,state:12|district:cong_28,FL,28.0,0.4093851449949913,0.1450431555000947,0.266,fallback_state_lean,redrawn,none
shrinkage=0.25,us_house,state:13|district:cong_01,GA,1.0,0.37822651100009524,0.11214528266032361,0.13815,model,unchanged,none
shrinkage=0.25,us_house,state:13|district:cong_02,GA,2.0,0.6358579126507403,0.11214528266032361,0.8879,model,unchanged,none
shrinkage=0.25,us_house,state:13|district:cong_03,GA,3.0,0.35490511303693245,0.11214528266032361,0.1022,model,unchanged,none
shrinkage=0.25,us_house,state:13|district:cong_04,GA,4.0,0.7397777588202377,0.11214528266032361,0.98455,model,unchanged,none
shrinkage=0.25,us_house,state:13|district:cong_05,GA,5.0,0.794265031509991,0.11214528266032361,0.9959,model,unchanged,none
shrinkage=0.25,us_house,state:13|district:cong_06,GA,6.0,0.7349203837327019,0.11214528266032361,0.9831,model,unchanged,none
shrinkage=0.25,us_house,state:13|district:cong_07,GA,7.0,0.3627506124259192,0.11214528266032361,0.1072,model,unchanged,none
shrinkage=0.25,us_house,state:13|district:cong_08,GA,8.0,0.3408118645705639,0.11214528266032361,0.07645,model,unchanged,none
shrinkage=0.25,us_house,state:13|district:cong_09,GA,9.0,0.3403361994799393,0.11214528266032361,0.0763,model,unchanged,none
shrinkage=0.25,us_house,state:13|district:cong_10,GA,10.0,0.37246549413583324,0.11214528266032361,0.1291,model,unchanged,none
shrinkage=0.25,us_house,state:13|district:cong_11,GA,11.0,0.34949095919252937,0.11214528266032361,0.0895,model,unchanged,none
shrinkage=0.25,us_house,state:13|district:cong_12,GA,12.0,0.387214049978958,0.11214528266032361,0.1555,model,unchanged,none
shrinkage=0.25,us_house,state:13|district:cong_13,GA,13.0,0.719543477894079,0.11214528266032361,0.97615,model,unchanged,none
shrinkage=0.25,us_house,state:13|district:cong_14,GA,14.0,0.36535774379350633,0.11214528266032361,0.1095,model,unchanged,none
shrinkage=0.25,us_house,state:15|district:cong_01,HI,1.0,0.719583354077212,0.11214528266032361,0.97235,model,unchanged,none
shrinkage=0.25,us_house,state:15|district:cong_02,HI,2.0,0.7030474725536909,0.11214528266032361,0.96525,model,unchanged,none
shrinkage=0.25,us_house,state:19|district:cong_01,IA,1.0,0.4423869187178831,0.11214528266032361,0.2999,model,unchanged,none
shrinkage=0.25,us_house,state:19|district:cong_02,IA,2.0,0.40032906117434697,0.11214528266032361,0.1873,model,unchanged,none
shrinkage=0.25,us_house,state:19|district:cong_03,IA,3.0,0.43256302242041295,0.11214528266032361,0.27135,model,unchanged,none
shrinkage=0.25,us_house,state:19|district:cong_04,IA,4.0,0.3499763775742355,0.11214528266032361,0.0882,model,unchanged,none
shrinkage=0.25,us_house,state:16|district:cong_01,ID,1.0,0.31545582244971704,0.11214528266032361,0.04745,model,unchanged,none
shrinkage=0.25,us_house,state:16|district:cong_02,ID,2.0,0.3540738092378883,0.11214528266032361,0.09465,model,unchanged,none
shrinkage=0.25,us_house,state:17|district:cong_01,IL,1.0,0.687259001679051,0.11214528266032361,0.95245,model,unchanged,none
shrinkage=0.25,us_house,state:17|district:cong_02,IL,2.0,0.6964767207715468,0.11214528266032361,0.95895,model,unchanged,none
shrinkage=0.25,us_house,state:17|district:cong_03,IL,3.0,0.6950125156794813,0.11214528266032361,0.9584,model,unchanged,none
shrinkage=0.25,us_house,state:17|district:cong_04,IL,4.0,0.7162001732450298,0.11214528266032361,0.973,model,unchanged,none
shrinkage=0.25,us_house,state:17|district:cong_05,IL,5.0,0.7040917195747188,0.11214528266032361,0.9631,model,unchanged,none
shrinkage=0.25,us_house,state:17|district:cong_06,IL,6.0,0.624412306092381,0.11214528266032361,0.8661,model,unchanged,none
shrinkage=0.25,us_house,state:17|district:cong_07,IL,7.0,0.7814105391795616,0.11214528266032361,0.9938,model,unchanged,none
shrinkage=0.25,us_house,state:17|district:cong_08,IL,8.0,0.6397804882810374,0.11214528266032361,0.89395,model,unchanged,none
shrinkage=0.25,us_house,state:17|district:cong_09,IL,9.0,0.7009506737749205,0.11214528266032361,0.96505,model,unchanged,none
shrinkage=0.25,us_house,state:17|district:cong_10,IL,10.0,0.6555538165010938,0.11214528266032361,0.91755,model,unchanged,none
shrinkage=0.25,us_house,state:17|district:cong_11,IL,11.0,0.6318765323365463,0.11214528266032361,0.8814,model,unchanged,none
shrinkage=0.25,us_house,state:17|district:cong_12,IL,12.0,0.31233608823167375,0.11214528266032361,0.04605,model,unchanged,none
shrinkage=0.25,us_house,state:17|district:cong_13,IL,13.0,0.6454851647066565,0.11214528266032361,0.9017,model,unchanged,none
shrinkage=0.25,us_house,state:17|district:cong_14,IL,14.0,0.6292463662986724,0.11214528266032361,0.87325,model,unchanged,none
shrinkage=0.25,us_house,state:17|district:cong_15,IL,15.0,0.17304936779081842,0.11214528266032361,0.0012,model,unchanged,none
shrinkage=0.25,us_house,state:17|district:cong_16,IL,16.0,0.17304936779081842,0.11214528266032361,0.002,model,unchanged,none
shrinkage=0.25,us_house,state:17|district:cong_17,IL,17.0,0.6255903760989888,0.11214528266032361,0.869,model,unchanged,none
shrinkage=0.25,us_house,state:18|district:cong_01,IN,1.0,0.6249966106045893,0.11214528266032361,0.8701,model,unchanged,none
shrinkage=0.25,us_house,state:18|district:cong_02,IN,2.0,0.36492142986837645,0.11214528266032361,0.10915,model,unchanged,none
shrinkage=0.25,us_house,state:18|district:cong_03,IN,3.0,0.3488184770730035,0.11214528266032361,0.08495,model,unchanged,none
shrinkage=0.25,us_house,state:18|district:cong_04,IN,4.0,0.34737536589437856,0.11214528266032361,0.08445,model,unchanged,none
shrinkage=0.25,us_house,state:18|district:cong_05,IN,5.0,0.38991397129222527,0.11214528266032361,0.1607,model,unchanged,none
shrinkage=0.25,us_house,state:18|district:cong_06,IN,6.0,0.3519552110520045,0.11214528266032361,0.0921,model,unchanged,none
shrinkage=0.25,us_house,state:18|district:cong_07,IN,7.0,0.7109521078927229,0.11214528266032361,0.9686,model,unchanged,none
shrinkage=0.25,us_house,state:18|district:cong_08,IN,8.0,0.336224082692015,0.11214528266032361,0.07005,model,unchanged,none
shrinkage=0.25,us_house,state:18|district:cong_09,IN,9.0,0.35505068738976225,0.11214528266032361,0.09505,model,unchanged,none
shrinkage=0.25,us_house,state:20|district:cong_01,KS,1.0,0.33962306098246137,0.11214528266032361,0.07505,model,unchanged,none
shrinkage=0.25,us_house,state:20|district:cong_02,KS,2.0,0.3894461266175195,0.11214528266032361,0.1604,model,unchanged,none
shrinkage=0.25,us_house,state:20|district:cong_03,KS,3.0,0.63194428899368,0.11214528266032361,0.8786,model,unchanged,none
shrinkage=0.25,us_house,state:20|district:cong_04,KS,4.0,0.3616822082891156,0.11214528266032361,0.10735,model,unchanged,none
shrinkage=0.25,us_house,state:21|district:cong_01,KY,1.0,0.30951209129700336,0.11214528266032361,0.0447,model,unchanged,none
shrinkage=0.25,us_house,state:21|district:cong_02,KY,2.0,0.31822441664418877,0.11214528266032361,0.05295,model,unchanged,none
shrinkage=0.25,us_house,state:21|district:cong_03,KY,3.0,0.6662293807162216,0.11214528266032361,0.93065,model,unchanged,none
shrinkage=0.25,us_house,state:21|district:cong_04,KY,4.0,0.17304936779081842,0.11214528266032361,0.0023,model,unchanged,none
shrinkage=0.25,us_house,state:21|district:cong_05,KY,5.0,0.17304936779081842,0.11214528266032361,0.0012,model,unchanged,none
shrinkage=0.25,us_house,state:21|district:cong_06,KY,6.0,0.3725447987728475,0.11214528266032361,0.1305,model,unchanged,none
shrinkage=0.25,us_house,state:22|district:cong_01,LA,1.0,0.3847337993780156,0.1450431555000947,0.213,fallback_state_lean,redrawn,active
shrinkage=0.25,us_house,state:22|district:cong_02,LA,2.0,0.5435252315773186,0.1450431555000947,0.6214,fallback_state_lean,redrawn,active
shrinkage=0.25,us_house,state:22|district:cong_03,LA,3.0,0.3847337993780156,0.1450431555000947,0.2083,fallback_state_lean,redrawn,active
shrinkage=0.25,us_house,state:22|district:cong_04,LA,4.0,0.3847337993780156,0.1450431555000947,0.21275,fallback_state_lean,redrawn,active
shrinkage=0.25,us_house,state:22|district:cong_05,LA,5.0,0.3847337993780156,0.1450431555000947,0.21485,fallback_state_lean,redrawn,active
shrinkage=0.25,us_house,state:22|district:cong_06,LA,6.0,0.5435252315773186,0.1450431555000947,0.61585,fallback_state_lean,redrawn,active
shrinkage=0.25,us_house,state:25|district:cong_01,MA,1.0,0.8715597749461287,0.11214528266032361,0.9995,model,unchanged,none
shrinkage=0.25,us_house,state:25|district:cong_02,MA,2.0,0.8715597749461287,0.11214528266032361,0.9996,model,unchanged,none
shrinkage=0.25,us_house,state:25|district:cong_03,MA,3.0,0.8715597749461287,0.11214528266032361,0.9994,model,unchanged,none
shrinkage=0.25,us_house,state:25|district:cong_04,MA,4.0,0.8715597749461287,0.11214528266032361,0.9995,model,unchanged,none
shrinkage=0.25,us_house,state:25|district:cong_05,MA,5.0,0.8715597749461287,0.11214528266032361,0.9996,model,unchanged,none
shrinkage=0.25,us_house,state:25|district:cong_06,MA,6.0,0.8715597749461287,0.11214528266032361,0.9994,model,unchanged,none
shrinkage=0.25,us_house,state:25|district:cong_07,MA,7.0,0.8715597749461287,0.11214528266032361,0.99965,model,unchanged,none
shrinkage=0.25,us_house,state:25|district:cong_08,MA,8.0,0.7127770271832581,0.11214528266032361,0.97125,model,unchanged,none
shrinkage=0.25,us_house,state:25|district:cong_09,MA,9.0,0.6368795570588162,0.11214528266032361,0.88845,model,unchanged,none
shrinkage=0.25,us_house,state:24|district:cong_01,MD,1.0,0.38147149594008994,0.11214528266032361,0.1426,model,unchanged,none
shrinkage=0.25,us_house,state:24|district:cong_02,MD,2.0,0.6531900945399984,0.11214528266032361,0.9153,model,unchanged,none
shrinkage=0.25,us_house,state:24|district:cong_03,MD,3.0,0.6611836590411949,0.11214528266032361,0.9238,model,unchanged,none
shrinkage=0.25,us_house,state:24|district:cong_04,MD,4.0,0.8106947437914898,0.11214528266032361,0.99725,model,unchanged,none
shrinkage=0.25,us_house,state:24|district:cong_05,MD,5.0,0.6983951336604115,0.11214528266032361,0.96195,model,unchanged,none
shrinkage=0.25,us_house,state:24|district:cong_06,MD,6.0,0.6188026922743619,0.11214528266032361,0.85685,model,unchanged,none
shrinkage=0.25,us_house,state:24|district:cong_07,MD,7.0,0.7764681230192295,0.11214528266032361,0.9928,model,unchanged,none
shrinkage=0.25,us_house,state:24|district:cong_08,MD,8.0,0.7580183517540735,0.11214528266032361,0.9892,model,unchanged,none
shrinkage=0.25,us_house,state:23|district:cong_01,ME,1.0,0.6716672374700864,0.11214528266032361,0.93675,model,unchanged,none
shrinkage=0.25,us_house,state:23|district:cong_02,ME,2.0,0.6035650658956766,0.11214528266032361,0.81745,model,unchanged,none
shrinkage=0.25,us_house,state:26|district:cong_01,MI,1.0,0.38387605463220065,0.11214528266032361,0.14595,model,unchanged,none
shrinkage=0.25,us_house,state:26|district:cong_02,MI,2.0,0.3496960662840984,0.11214528266032361,0.08925,model,unchanged,none
shrinkage=0.25,us_house,state:26|district:cong_03,MI,3.0,0.629089448319708,0.11214528266032361,0.8753,model,unchanged,none
shrinkage=0.25,us_house,state:26|district:cong_04,MI,4.0,0.4108139068475601,0.11214528266032361,0.2146,model,unchanged,none
shrinkage=0.25,us_house,state:26|district:cong_05,MI,5.0,0.3526654328298214,0.11214528266032361,0.0939,model,unchanged,none
shrinkage=0.25,us_house,state:26|district:cong_06,MI,6.0,0.6768648244469013,0.11214528266032361,0.94135,model,unchanged,none
shrinkage=0.25,us_house,state:26|district:cong_07,MI,7.0,0.4325496809777634,0.11214528266032361,0.2669,model,unchanged,none
shrinkage=0.25,us_house,state:26|district:cong_08,MI,8.0,0.6203891284682007,0.11214528266032361,0.85835,model,unchanged,none
shrinkage=0.25,us_house,state:26|district:cong_09,MI,9.0,0.3384600002134229,0.11214528266032361,0.07585,model,unchanged,none
shrinkage=0.25,us_house,state:26|district:cong_10,MI,10.0,0.42569673130477736,0.11214528266032361,0.2488,model,unchanged,none
shrinkage=0.25,us_house,state:26|district:cong_11,MI,11.0,0.6530276097740333,0.11214528266032361,0.91515,model,unchanged,none
shrinkage=0.25,us_house,state:26|district:cong_12,MI,12.0,0.7272212639594379,0.11214528266032361,0.97805,model,unchanged,none
shrinkage=0.25,us_house,state:26|district:cong_13,MI,13.0,0.7294433526421857,0.11214528266032361,0.98025,model,unchanged,none
shrinkage=0.25,us_house,state:27|district:cong_01,MN,1.0,0.39673783838414806,0.11214528266032361,0.17515,model,unchanged,none
shrinkage=0.25,us_house,state:27|district:cong_02,MN,2.0,0.6388830418845807,0.11214528266032361,0.8913,model,unchanged,none
shrinkage=0.25,us_house,state:27|district:cong_03,MN,3.0,0.6475592349427499,0.11214528266032361,0.90615,model,unchanged,none
shrinkage=0.25,us_house,state:27|district:cong_04,MN,4.0,0.6954300751615006,0.11214528266032361,0.95785,model,unchanged,none
shrinkage=0.25,us_house,state:27|district:cong_05,MN,5.0,0.7375730035378885,0.11214528266032361,0.9845,model,unchanged,none
shrinkage=0.25,us_house,state:27|district:cong_06,MN,6.0,0.37526475010481847,0.11214528266032361,0.13135,model,unchanged,none
shrinkage=0.25,us_house,state:27|district:cong_07,MN,7.0,0.33213679930169127,0.11214528266032361,0.06605,model,unchanged,none
shrinkage=0.25,us_house,state:27|district:cong_08,MN,8.0,0.3994888608137978,0.11214528266032361,0.1808,model,unchanged,none
shrinkage=0.25,us_house,state:29|district:cong_01,MO,1.0,0.7664098938590703,0.11214528266032361,0.99005,model,unchanged,active
shrinkage=0.25,us_house,state:29|district:cong_02,MO,2.0,0.40953330931811294,0.11214528266032361,0.20635,model,unchanged,active
shrinkage=0.25,us_house,state:29|district:cong_03,MO,3.0,0.37024824591517386,0.11214528266032361,0.12155,model,unchanged,active
shrinkage=0.25,us_house,state:29|district:cong_04,MO,4.0,0.31926622038204117,0.11214528266032361,0.0523,model,unchanged,active
shrinkage=0.25,us_house,state:29|district:cong_05,MO,5.0,0.6680959637973809,0.11214528266032361,0.93215,model,unchanged,active
shrinkage=0.25,us_house,state:29|district:cong_06,MO,6.0,0.32190173556873153,0.11214528266032361,0.055,model,unchanged,active
shrinkage=0.25,us_house,state:29|district:cong_07,MO,7.0,0.3180023182372734,0.11214528266032361,0.05225,model,unchanged,active
shrinkage=0.25,us_house,state:29|district:cong_08,MO,8.0,0.29316653294040085,0.11214528266032361,0.03155,model,unchanged,active
shrinkage=0.25,us_house,state:28|district:cong_01,MS,1.0,0.3359950030084709,0.11214528266032361,0.07085,model,unchanged,none
shrinkage=0.25,us_house,state:28|district:cong_02,MS,2.0,0.6665485644312207,0.11214528266032361,0.9348,model,unchanged,none
shrinkage=0.25,us_house,state:28|district:cong_03,MS,3.0,0.17304936779081842,0.11214528266032361,0.00195,model,unchanged,none
shrinkage=0.25,us_house,state:28|district:cong_04,MS,4.0,0.31364691597930255,0.11214528266032361,0.04815,model,unchanged,none
shrinkage=0.25,us_house,state:30|district:cong_01,MT,1.0,0.42152657448188247,0.11214528266032361,0.23835,model,unchanged,none
shrinkage=0.25,us_house,state:30|district:cong_02,MT,2.0,0.3566080761689502,0.11214528266032361,0.10035,model,unchanged,none
shrinkage=0.25,us_house,state:37|district:cong_01,NC,1.0,0.5950585184913335,0.1450431555000947,0.74435,fallback_state_lean,redrawn,none
shrinkage=0.25,us_house,state:37|district:cong_02,NC,2.0,0.5950585184913335,0.1450431555000947,0.74615,fallback_state_lean,redrawn,none
shrinkage=0.25,us_house,state:37|district:cong_03,NC,3.0,0.43626708629203054,0.1450431555000947,0.32725,fallback_state_lean,redrawn,none
shrinkage=0.25,us_house,state:37|district:cong_04,NC,4.0,0.5950585184913335,0.1450431555000947,0.7461,fallback_state_lean,redrawn,none
shrinkage=0.25,us_house,state:37|district:cong_05,NC,5.0,0.43626708629203054,0.1450431555000947,0.327,fallback_state_lean,redrawn,none
shrinkage=0.25,us_house,state:37|district:cong_06,NC,6.0,0.43626708629203054,0.1450431555000947,0.32875,fallback_state_lean,redrawn,none
shrinkage=0.25,us_house,state:37|district:cong_07,NC,7.0,0.43626708629203054,0.1450431555000947,0.32835,fallback_state_lean,redrawn,none
shrinkage=0.25,us_house,state:37|district:cong_08,NC,8.0,0.43626708629203054,0.1450431555000947,0.33045,fallback_state_lean,redrawn,none
shrinkage=0.25,us_house,state:37|district:cong_09,NC,9.0,0.43626708629203054,0.1450431555000947,0.32605,fallback_state_lean,redrawn,none
shrinkage=0.25,us_house,state:37|district:cong_10,NC,10.0,0.43626708629203054,0.1450431555000947,0.32475,fallback_state_lean,redrawn,none
shrinkage=0.25,us_house,state:37|district:cong_11,NC,11.0,0.43626708629203054,0.1450431555000947,0.32945,fallback_state_lean,redrawn,none
shrinkage=0.25,us_house,state:37|district:cong_12,NC,12.0,0.5950585184913335,0.1450431555000947,0.741,fallback_state_lean,redrawn,none
shrinkage=0.25,us_house,state:37|district:cong_13,NC,13.0,0.43626708629203054,0.1450431555000947,0.32675,fallback_state_lean,redrawn,none
shrinkage=0.25,us_house,state:37|district:cong_14,NC,14.0,0.43626708629203054,0.1450431555000947,0.3288,fallback_state_lean,redrawn,none
shrinkage=0.25,us_house,state:38|district:cong_00,ND,0.0,0.3375728916553341,0.11214528266032361,0.0716,model,unchanged,none
shrinkage=0.25,us_house,state:31|district:cong_01,NE,1.0,0.3883751991103306,0.11214528266032361,0.15355,model,unchanged,none
shrinkage=0.25,us_house,state:31|district:cong_02,NE,2.0,0.43790829592054564,0.11214528266032361,0.2895,model,unchanged,none
shrinkage=0.25,us_house,state:31|district:cong_03,NE,3.0,0.2787353018004126,0.11214528266032361,0.02375,model,unchanged,none
shrinkage=0.25,us_house,state:33|district:cong_01,NH,1.0,0.6234758139178794,0.11214528266032361,0.866,model,unchanged,none
shrinkage=0.25,us_house,state:33|district:cong_02,NH,2.0,0.6177999378534997,0.11214528266032361,0.8531,model,unchanged,none
shrinkage=0.25,us_house,state:34|district:cong_01,NJ,1.0,0.6509185969272897,0.11214528266032361,0.9096,model,unchanged,none
shrinkage=0.25,us_house,state:34|district:cong_02,NJ,2.0,0.39696818460079114,0.11214528266032361,0.1764,model,unchanged,none
shrinkage=0.25,us_house,state:34|district:cong_03,NJ,3.0,0.6253673294776472,0.11214528266032361,0.8665,model,unchanged,none
shrinkage=0.25,us_house,state:34|district:cong_04,NJ,4.0,0.3455623263428528,0.11214528266032361,0.08295,model,unchanged,none
shrinkage=0.25,us_house,state:34|district:cong_05,NJ,5.0,0.6328083090839126,0.11214528266032361,0.87775,model,unchanged,none
shrinkage=0.25,us_house,state:34|district:cong_06,NJ,6.0,0.6457155667566336,0.11214528266032361,0.9007,model,unchanged,none
shrinkage=0.25,us_house,state:34|district:cong_07,NJ,7.0,0.4280529297235071,0.11214528266032361,0.25795,model,unchanged,none
shrinkage=0.25,us_house,state:34|district:cong_08,NJ,8.0,0.6722871996630531,0.11214528266032361,0.937,model,unchanged,none
shrinkage=0.25,us_house,state:34|district:cong_09,NJ,9.0,0.6153587381812816,0.11214528266032361,0.84715,model,unchanged,none
shrinkage=0.25,us_house,state:34|district:cong_10,NJ,10.0,0.7473622034859126,0.11214528266032361,0.98615,model,unchanged,none
shrinkage=0.25,us_house,state:34|district:cong_11,NJ,11.0,0.6421486444662217,0.11214528266032361,0.89885,model,unchanged,none
shrinkage=0.25,us_house,state:34|district:cong_12,NJ,12.0,0.6701323706986826,0.11214528266032361,0.93515,model,unchanged,none
shrinkage=0.25,us_house,state:35|district:cong_01,NM,1.0,0.6360731248646666,0.11214528266032361,0.8877,model,unchanged,none
shrinkage=0.25,us_house,state:35|district:cong_02,NM,2.0,0.6129209546795035,0.11214528266032361,0.84305,model,unchanged,none
shrinkage=0.25,us_house,state:35|district:cong_03,NM,3.0,0.6356232400262766,0.11214528266032361,0.88465,model,unchanged,none
shrinkage=0.25,us_house,state:32|district:cong_01,NV,1.0,0.6226932567301001,0.11214528266032361,0.8611,model,unchanged,none
shrinkage=0.25,us_house,state:32|district:cong_02,NV,2.0,0.17304936779081842,0.11214528266032361,0.0012,model,unchanged,none
shrinkage=0.25,us_house,state:32|district:cong_03,NV,3.0,0.6091064443851717,0.11214528266032361,0.83375,model,unchanged,none
shrinkage=0.25,us_house,state:32|district:cong_04,NV,4.0,0.6241463151134995,0.11214528266032361,0.86695,model,unchanged,none
shrinkage=0.25,us_house,state:36|district:cong_01,NY,1.0,0.4131829968234857,0.11214528266032361,0.21445,model,unchanged,none
shrinkage=0.25,us_house,state:36|district:cong_02,NY,2.0,0.38501988040910895,0.11214528266032361,0.1497,model,unchanged,none
shrinkage=0.25,us_house,state:36|district:cong_03,NY,3.0,0.4225918867615115,0.11214528266032361,0.24275,model,unchanged,none
shrinkage=0.25,us_house,state:36|district:cong_04,NY,4.0,0.43321652484999723,0.11214528266032361,0.2754,model,unchanged,none
shrinkage=0.25,us_house,state:36|district:cong_05,NY,5.0,0.7377722431830447,0.11214528266032361,0.9829,model,unchanged,none
shrinkage=0.25,us_house,state:36|district:cong_06,NY,6.0,0.6770143479435102,0.11214528266032361,0.9413,model,unchanged,none
shrinkage=0.25,us_house,state:36|district:cong_07,NY,7.0,0.767322971226152,0.11214528266032361,0.9916,model,unchanged,none
shrinkage=0.25,us_house,state:36|district:cong_08,NY,8.0,0.7189495550822116,0.11214528266032361,0.9727,model,unchanged,none
shrinkage=0.25,us_house,state:36|district:cong_09,NY,9.0,0.8715597749461287,0.11214528266032361,0.99935,model,unchanged,none
shrinkage=0.25,us_house,state:36|district:cong_10,NY,10.0,0.7888601652948333,0.11214528266032361,0.99565,model,unchanged,none
shrinkage=0.25,us_house,state:36|district:cong_11,NY,11.0,0.37940616554588,0.11214528266032361,0.14445,model,unchanged,none
shrinkage=0.25,us_house,state:36|district:cong_12,NY,12.0,0.7742745614266185,0.11214528266032361,0.99255,model,unchanged,none
shrinkage=0.25,us_house,state:36|district:cong_13,NY,13.0,0.8715597749461287,0.11214528266032361,0.9995,model,unchanged,none
shrinkage=0.25,us_house,state:36|district:cong_14,NY,14.0,0.7208802852687142,0.11214528266032361,0.97405,model,unchanged,none
shrinkage=0.25,us_house,state:36|district:cong_15,NY,15.0,0.778678612061991,0.11214528266032361,0.9929,model,unchanged,none
shrinkage=0.25,us_house,state:36|district:cong_16,NY,16.0,0.6788829875569725,0.11214528266032361,0.94625,model,unchanged,none
shrinkage=0.25,us_house,state:36|district:cong_17,NY,17.0,0.4411872334684506,0.11214528266032361,0.29695,model,unchanged,none
shrinkage=0.25,us_house,state:36|district:cong_18,NY,18.0,0.6053321441288007,0.11214528266032361,0.82875,model,unchanged,none
shrinkage=0.25,us_house,state:36|district:cong_19,NY,19.0,0.4386898516195484,0.11214528266032361,0.2901,model,unchanged,none
shrinkage=0.25,us_house,state:36|district:cong_20,NY,20.0,0.629077283216205,0.11214528266032361,0.87645,model,unchanged,none
shrinkage=0.25,us_house,state:36|district:cong_21,NY,21.0,0.3892351980681754,0.11214528266032361,0.1586,model,unchanged,none
shrinkage=0.25,us_house,state:36|district:cong_22,NY,22.0,0.4402641102573132,0.11214528266032361,0.2919,model,unchanged,none
shrinkage=0.25,us_house,state:36|district:cong_23,NY,23.0,0.36237142568201325,0.11214528266032361,0.1082,model,unchanged,none
shrinkage=0.25,us_house,state:36|district:cong_24,NY,24.0,0.35815130422883845,0.11214528266032361,0.10245,model,unchanged,none
shrinkage=0.25,us_house,state:36|district:cong_25,NY,25.0,0.6225766936118035,0.11214528266032361,0.86465,model,unchanged,none
shrinkage=0.25,us_house,state:36|district:cong_26,NY,26.0,0.6771309124107986,0.11214528266032361,0.94225,model,unchanged,none
shrinkage=0.25,us_house,state:39|district:cong_01,OH,1.0,0.5733279504247163,0.1450431555000947,0.691,fallback_state_lean,redrawn,none
shrinkage=0.25,us_house,state:39|district:cong_02,OH,2.0,0.4145365182254133,0.1450431555000947,0.27585,fallback_state_lean,redrawn,none
shrinkage=0.25,us_house,state:39|district:cong_03,OH,3.0,0.5733279504247163,0.1450431555000947,0.69535,fallback_state_lean,redrawn,none
shrinkage=0.25,us_house,state:39|district:cong_04,OH,4.0,0.4145365182254133,0.1450431555000947,0.27405,fallback_state_lean,redrawn,none
shrinkage=0.25,us_house,state:39|district:cong_05,OH,5.0,0.4145365182254133,0.1450431555000947,0.2789,fallback_state_lean,redrawn,none
shrinkage=0.25,us_house,state:39|district:cong_06,OH,6.0,0.4145365182254133,0.1450431555000947,0.2766,fallback_state_lean,redrawn,none
shrinkage=0.25,us_house,state:39|district:cong_07,OH,7.0,0.4145365182254133,0.1450431555000947,0.27685,fallback_state_lean,redrawn,none
shrinkage=0.25,us_house,state:39|district:cong_08,OH,8.0,0.4145365182254133,0.1450431555000947,0.27605,fallback_state_lean,redrawn,none
shrinkage=0.25,us_house,state:39|district:cong_09,OH,9.0,0.5733279504247163,0.1450431555000947,0.69405,fallback_state_lean,redrawn,none
shrinkage=0.25,us_house,state:39|district:cong_10,OH,10.0,0.4145365182254133,0.1450431555000947,0.2749,fallback_state_lean,redrawn,none
shrinkage=0.25,us_house,state:39|district:cong_11,OH,11.0,0.5733279504247163,0.1450431555000947,0.6961,fallback_state_lean,redrawn,none
shrinkage=0.25,us_house,state:39|district:cong_12,OH,12.0,0.4145365182254133,0.1450431555000947,0.28055,fallback_state_lean,redrawn,none
shrinkage=0.25,us_house,state:39|district:cong_13,OH,13.0,0.5733279504247163,0.1450431555000947,0.68945,fallback_state_lean,redrawn,none
shrinkage=0.25,us_house,state:39|district:cong_14,OH,14.0,0.4145365182254133,0.1450431555000947,0.2739,fallback_state_lean,redrawn,none
shrinkage=0.25,us_house,state:39|district:cong_15,OH,15.0,0.4145365182254133,0.1450431555000947,0.27545,fallback_state_lean,redrawn,none
shrinkage=0.25,us_house,state:40|district:cong_01,OK,1.0,0.3693096557739618,0.11214528266032361,0.12275,model,unchanged,none
shrinkage=0.25,us_house,state:40|district:cong_02,OK,2.0,0.29408894883272074,0.11214528266032361,0.0316,model,unchanged,none
shrinkage=0.25,us_house,state:40|district:cong_03,OK,3.0,0.310465226784684,0.11214528266032361,0.04485,model,unchanged,none
shrinkage=0.25,us_house,state:40|district:cong_04,OK,4.0,0.3362081334323624,0.11214528266032361,0.07255,model,unchanged,none
shrinkage=0.25,us_house,state:40|district:cong_05,OK,5.0,0.3851951300269295,0.11214528266032361,0.1508,model,unchanged,none
shrinkage=0.25,us_house,state:41|district:cong_01,OR,1.0,0.7147663272543059,0.11214528266032361,0.97115,model,unchanged,none
shrinkage=0.25,us_house,state:41|district:cong_02,OR,2.0,0.35616972331006314,0.11214528266032361,0.098,model,unchanged,none
shrinkage=0.25,us_house,state:41|district:cong_03,OR,3.0,0.7250683711968343,0.11214528266032361,0.97655,model,unchanged,none
shrinkage=0.25,us_house,state:41|district:cong_04,OR,4.0,0.6236232237610948,0.11214528266032361,0.8637,model,unchanged,none
shrinkage=0.25,us_house,state:41|district:cong_05,OR,5.0,0.6096446964422546,0.11214528266032361,0.83645,model,unchanged,none
shrinkage=0.25,us_house,state:41|district:cong_06,OR,6.0,0.6202235655234197,0.11214528266032361,0.85695,model,unchanged,none
shrinkage=0.25,us_house,state:42|district:cong_01,PA,1.0,0.4083501263445256,0.11214528266032361,0.2044,model,unchanged,none
shrinkage=0.25,us_house,state:42|district:cong_02,PA,2.0,0.7175270229124445,0.11214528266032361,0.974,model,unchanged,none
shrinkage=0.25,us_house,state:42|district:cong_03,PA,3.0,0.8715597749461287,0.11214528266032361,0.9993,model,unchanged,none
shrinkage=0.25,us_house,state:42|district:cong_04,PA,4.0,0.6506392486206254,0.11214528266032361,0.91025,model,unchanged,none
shrinkage=0.25,us_house,state:42|district:cong_05,PA,5.0,0.6842152039177865,0.11214528266032361,0.9497,model,unchanged,none
shrinkage=0.25,us_house,state:42|district:cong_06,PA,6.0,0.6351618263483004,0.11214528266032361,0.8876,model,unchanged,none
shrinkage=0.25,us_house,state:42|district:cong_07,PA,7.0,0.440190950018482,0.11214528266032361,0.2945,model,unchanged,none
shrinkage=0.25,us_house,state:42|district:cong_08,PA,8.0,0.4385274597040411,0.11214528266032361,0.2941,model,unchanged,none
shrinkage=0.25,us_house,state:42|district:cong_09,PA,9.0,0.3322129736566278,0.11214528266032361,0.06415,model,unchanged,none
shrinkage=0.25,us_house,state:42|district:cong_10,PA,10.0,0.43949706872340816,0.11214528266032361,0.29035,model,unchanged,none
shrinkage=0.25,us_house,state:42|district:cong_11,PA,11.0,0.37330100146340495,0.11214528266032361,0.1288,model,unchanged,none
shrinkage=0.25,us_house,state:42|district:cong_12,PA,12.0,0.6363063687592105,0.11214528266032361,0.8885,model,unchanged,none
shrinkage=0.25,us_house,state:42|district:cong_13,PA,13.0,0.3122995015936444,0.11214528266032361,0.0451,model,unchanged,none
shrinkage=0.25,us_house,state:42|district:cong_14,PA,14.0,0.3534599758258359,0.11214528266032361,0.09435,model,unchanged,none
shrinkage=0.25,us_house,state:42|district:cong_15,PA,15.0,0.327054545507721,0.11214528266032361,0.0604,model,unchanged,none
shrinkage=0.25,us_house,state:42|district:cong_16,PA,16.0,0.3692221962504571,0.11214528266032361,0.1194,model,unchanged,none
shrinkage=0.25,us_house,state:42|district:cong_17,PA,17.0,0.6226178732352592,0.11214528266032361,0.86185,model,unchanged,none
shrinkage=0.25,us_house,state:44|district:cong_01,RI,1.0,0.6898277896141446,0.11214528266032361,0.9567,model,unchanged,none
shrinkage=0.25,us_house,state:44|district:cong_02,RI,2.0,0.6469383564861064,0.11214528266032361,0.9044,model,unchanged,none
shrinkage=0.25,us_house,state:45|district:cong_01,SC,1.0,0.3979973030721875,0.11214528266032361,0.1789,model,unchanged,none
shrinkage=0.25,us_house,state:45|district:cong_02,SC,2.0,0.3907417100374389,0.11214528266032361,0.161,model,unchanged,none
shrinkage=0.25,us_house,state:45|district:cong_03,SC,3.0,0.3139006949364024,0.11214528266032361,0.0478,model,unchanged,none
shrinkage=0.25,us_house,state:45|district:cong_04,SC,4.0,0.3802909648336953,0.11214528266032361,0.1401,model,unchanged,none
shrinkage=0.25,us_house,state:45|district:cong_05,SC,5.0,0.3694617616954223,0.11214528266032361,0.12275,model,unchanged,none
shrinkage=0.25,us_house,state:45|district:cong_06,SC,6.0,0.6655831159803898,0.11214528266032361,0.9305,model,unchanged,none
shrinkage=0.25,us_house,state:45|district:cong_07,SC,7.0,0.36206074834242874,0.11214528266032361,0.1066,model,unchanged,none
shrinkage=0.25,us_house,state:46|district:cong_00,SD,0.0,0.3239306394811975,0.11214528266032361,0.05495,model,unchanged,none
shrinkage=0.25,us_house,state:47|district:cong_01,TN,1.0,0.3637816960233621,0.1450431555000947,0.1727,fallback_state_lean,redrawn,active
shrinkage=0.25,us_house,state:47|district:cong_02,TN,2.0,0.3637816960233621,0.1450431555000947,0.17465,fallback_state_lean,redrawn,active
shrinkage=0.25,us_house,state:47|district:cong_03,TN,3.0,0.3637816960233621,0.1450431555000947,0.17195,fallback_state_lean,redrawn,active
shrinkage=0.25,us_house,state:47|district:cong_04,TN,4.0,0.3637816960233621,0.1450431555000947,0.17175,fallback_state_lean,redrawn,active
shrinkage=0.25,us_house,state:47|district:cong_05,TN,5.0,0.3637816960233621,0.1450431555000947,0.1703,fallback_state_lean,redrawn,active
shrinkage=0.25,us_house,state:47|district:cong_06,TN,6.0,0.3637816960233621,0.1450431555000947,0.172,fallback_state_lean,redrawn,active
shrinkage=0.25,us_house,state:47|district:cong_07,TN,7.0,0.3637816960233621,0.1450431555000947,0.1747,fallback_state_lean,redrawn,active
shrinkage=0.25,us_house,state:47|district:cong_08,TN,8.0,0.3637816960233621,0.1450431555000947,0.1718,fallback_state_lean,redrawn,active
shrinkage=0.25,us_house,state:47|district:cong_09,TN,9.0,0.522573128222665,0.1450431555000947,0.56435,fallback_state_lean,redrawn,active
shrinkage=0.25,us_house,state:48|district:cong_01,TX,1.0,0.4076150585337684,0.1450431555000947,0.2599,fallback_state_lean,redrawn,none
shrinkage=0.25,us_house,state:48|district:cong_02,TX,2.0,0.4076150585337684,0.1450431555000947,0.2635,fallback_state_lean,redrawn,none
shrinkage=0.25,us_house,state:48|district:cong_03,TX,3.0,0.4076150585337684,0.1450431555000947,0.2605,fallback_state_lean,redrawn,none
shrinkage=0.25,us_house,state:48|district:cong_04,TX,4.0,0.4076150585337684,0.1450431555000947,0.2646,fallback_state_lean,redrawn,none
shrinkage=0.25,us_house,state:48|district:cong_05,TX,5.0,0.4076150585337684,0.1450431555000947,0.25925,fallback_state_lean,redrawn,none
shrinkage=0.25,us_house,state:48|district:cong_06,TX,6.0,0.4076150585337684,0.1450431555000947,0.2591,fallback_state_lean,redrawn,none
shrinkage=0.25,us_house,state:48|district:cong_07,TX,7.0,0.5664064907330714,0.1450431555000947,0.6795,fallback_state_lean,redrawn,none
shrinkage=0.25,us_house,state:48|district:cong_08,TX,8.0,0.4076150585337684,0.1450431555000947,0.2604,fallback_state_lean,redrawn,none
shrinkage=0.25,us_house,state:48|district:cong_09,TX,9.0,0.5664064907330714,0.1450431555000947,0.6747,fallback_state_lean,redrawn,none
shrinkage=0.25,us_house,state:48|district:cong_10,TX,10.0,0.4076150585337684,0.1450431555000947,0.25895,fallback_state_lean,redrawn,none
shrinkage=0.25,us_house,state:48|district:cong_11,TX,11.0,0.4076150585337684,0.1450431555000947,0.26045,fallback_state_lean,redrawn,none
shrinkage=0.25,us_house,state:48|district:cong_12,TX,12.0,0.4076150585337684,0.1450431555000947,0.2567,fallback_state_lean,redrawn,none
shrinkage=0.25,us_house,state:48|district:cong_13,TX,13.0,0.4076150585337684,0.1450431555000947,0.25985,fallback_state_lean,redrawn,none
shrinkage=0.25,us_house,state:48|district:cong_14,TX,14.0,0.4076150585337684,0.1450431555000947,0.2608,fallback_state_lean,redrawn,none
shrinkage=0.25,us_house,state:48|district:cong_15,TX,15.0,0.4076150585337684,0.1450431555000947,0.2633,fallback_state_lean,redrawn,none
shrinkage=0.25,us_house,state:48|district:cong_16,TX,16.0,0.5664064907330714,0.1450431555000947,0.67445,fallback_state_lean,redrawn,none
shrinkage=0.25,us_house,state:48|district:cong_17,TX,17.0,0.4076150585337684,0.1450431555000947,0.26075,fallback_state_lean,redrawn,none
shrinkage=0.25,us_house,state:48|district:cong_18,TX,18.0,0.5664064907330714,0.1450431555000947,0.6695,fallback_state_lean,redrawn,none
shrinkage=0.25,us_house,state:48|district:cong_19,TX,19.0,0.4076150585337684,0.1450431555000947,0.2613,fallback_state_lean,redrawn,none
shrinkage=0.25,us_house,state:48|district:cong_20,TX,20.0,0.5664064907330714,0.1450431555000947,0.67565,fallback_state_lean,redrawn,none
shrinkage=0.25,us_house,state:48|district:cong_21,TX,21.0,0.4076150585337684,0.1450431555000947,0.25965,fallback_state_lean,redrawn,none
shrinkage=0.25,us_house,state:48|district:cong_22,TX,22.0,0.4076150585337684,0.1450431555000947,0.2624,fallback_state_lean,redrawn,none
shrinkage=0.25,us_house,state:48|district:cong_23,TX,23.0,0.4076150585337684,0.1450431555000947,0.2595,fallback_state_lean,redrawn,none
shrinkage=0.25,us_house,state:48|district:cong_24,TX,24.0,0.4076150585337684,0.1450431555000947,0.26245,fallback_state_lean,redrawn,none
shrinkage=0.25,us_house,state:48|district:cong_25,TX,25.0,0.40761505853376845,0.1450431555000947,0.2609,fallback_state_lean,redrawn,none
shrinkage=0.25,us_house,state:48|district:cong_26,TX,26.0,0.40761505853376845,0.1450431555000947,0.2662,fallback_state_lean,redrawn,none
shrinkage=0.25,us_house,state:48|district:cong_27,TX,27.0,0.40761505853376845,0.1450431555000947,0.2603,fallback_state_lean,redrawn,none
shrinkage=0.25,us_house,state:48|district:cong_28,TX,28.0,0.5664064907330714,0.1450431555000947,0.6748,fallback_state_lean,redrawn,none
shrinkage=0.25,us_house,state:48|district:cong_29,TX,29.0,0.5664064907330714,0.1450431555000947,0.67475,fallback_state_lean,redrawn,none
shrinkage=0.25,us_house,state:48|district:cong_30,TX,30.0,0.5664064907330714,0.1450431555000947,0.67515,fallback_state_lean,redrawn,none
shrinkage=0.25,us_house,state:48|district:cong_31,TX,31.0,0.40761505853376845,0.1450431555000947,0.25675,fallback_state_lean,redrawn,none
shrinkage=0.25,us_house,state:48|district:cong_32,TX,32.0,0.5664064907330714,0.1450431555000947,0.6772,fallback_state_lean,redrawn,none
shrinkage=0.25,us_house,state:48|district:cong_33,TX,33.0,0.5664064907330714,0.1450431555000947,0.6738,fallback_state_lean,redrawn,none
shrinkage=0.25,us_house,state:48|district:cong_34,TX,34.0,0.5664064907330714,0.1450431555000947,0.6779,fallback_state_lean,redrawn,none
shrinkage=0.25,us_house,state:48|district:cong_35,TX,35.0,0.5664064907330714,0.1450431555000947,0.67785,fallback_state_lean,redrawn,none
shrinkage=0.25,us_house,state:48|district:cong_36,TX,36.0,0.40761505853376845,0.1450431555000947,0.25955,fallback_state_lean,redrawn,none
shrinkage=0.25,us_house,state:48|district:cong_37,TX,37.0,0.5664064907330714,0.1450431555000947,0.67645,fallback_state_lean,redrawn,none
shrinkage=0.25,us_house,state:48|district:cong_38,TX,38.0,0.40761505853376845,0.1450431555000947,0.25995,fallback_state_lean,redrawn,none
shrinkage=0.25,us_house,state:49|district:cong_01,UT,1.0,0.38512866205853546,0.1450431555000947,0.21265,fallback_state_lean,redrawn,none
shrinkage=0.25,us_house,state:49|district:cong_02,UT,2.0,0.38512866205853546,0.1450431555000947,0.2146,fallback_state_lean,redrawn,none
shrinkage=0.25,us_house,state:49|district:cong_03,UT,3.0,0.38512866205853546,0.1450431555000947,0.21035,fallback_state_lean,redrawn,none
shrinkage=0.25,us_house,state:49|district:cong_04,UT,4.0,0.38512866205853546,0.1450431555000947,0.2097,fallback_state_lean,redrawn,none
shrinkage=0.25,us_house,state:51|district:cong_01,VA,1.0,0.40835840589294925,0.11214528266032361,0.21085,model,unchanged,none
shrinkage=0.25,us_house,state:51|district:cong_02,VA,2.0,0.4322898762535512,0.11214528266032361,0.27415,model,unchanged,none
shrinkage=0.25,us_house,state:51|district:cong_03,VA,3.0,0.7101896041611837,0.11214528266032361,0.9708,model,unchanged,none
shrinkage=0.25,us_house,state:51|district:cong_04,VA,4.0,0.6960980651062544,0.11214528266032361,0.96215,model,unchanged,none
shrinkage=0.25,us_house,state:51|district:cong_05,VA,5.0,0.40226442436658216,0.11214528266032361,0.1875,model,unchanged,none
shrinkage=0.25,us_house,state:51|district:cong_06,VA,6.0,0.3648236554659119,0.11214528266032361,0.1154,model,unchanged,none
shrinkage=0.25,us_house,state:51|district:cong_07,VA,7.0,0.6088448549133632,0.11214528266032361,0.8314,model,unchanged,none
shrinkage=0.25,us_house,state:51|district:cong_08,VA,8.0,0.7331825115610762,0.11214528266032361,0.98235,model,unchanged,none
shrinkage=0.25,us_house,state:51|district:cong_09,VA,9.0,0.3208124653407097,0.11214528266032361,0.05495,model,unchanged,none
shrinkage=0.25,us_house,state:51|district:cong_10,VA,10.0,0.6140221353874025,0.11214528266032361,0.8496,model,unchanged,none
shrinkage=0.25,us_house,state:51|district:cong_11,VA,11.0,0.6933827634970354,0.11214528266032361,0.9597,model,unchanged,none
shrinkage=0.25,us_house,state:50|district:cong_00,VT,0.0,0.6969450583042004,0.11214528266032361,0.96135,model,unchanged,none
shrinkage=0.25,us_house,state:53|district:cong_01,WA,1.0,0.6727187056990125,0.11214528266032361,0.93735,model,unchanged,none
shrinkage=0.25,us_house,state:53|district:cong_02,WA,2.0,0.6774222633544567,0.11214528266032361,0.94395,model,unchanged,none
shrinkage=0.25,us_house,state:53|district:cong_03,WA,3.0,0.612203954544244,0.11214528266032361,0.8385,model,unchanged,none
shrinkage=0.25,us_house,state:53|district:cong_04,WA,4.0,0.17304936779081842,0.11214528266032361,0.00135,model,unchanged,none
shrinkage=0.25,us_house,state:53|district:cong_05,WA,5.0,0.38539518507845366,0.11214528266032361,0.1579,model,unchanged,none
shrinkage=0.25,us_house,state:53|district:cong_06,WA,6.0,0.6384848576247912,0.11214528266032361,0.89125,model,unchanged,none
shrinkage=0.25,us_house,state:53|district:cong_07,WA,7.0,0.7861603051139475,0.11214528266032361,0.9947,model,unchanged,none
shrinkage=0.25,us_house,state:53|district:cong_08,WA,8.0,0.6237500563699884,0.11214528266032361,0.86275,model,unchanged,none
shrinkage=0.25,us_house,state:53|district:cong_09,WA,9.0,0.8715597749461287,0.11214528266032361,0.99955,model,unchanged,none
shrinkage=0.25,us_house,state:53|district:cong_10,WA,10.0,0.6485182940738751,0.11214528266032361,0.90695,model,unchanged,none
shrinkage=0.25,us_house,state:55|district:cong_01,WI,1.0,0.41478623761045635,0.11214528266032361,0.2188,model,unchanged,none
shrinkage=0.25,us_house,state:55|district:cong_02,WI,2.0,0.7104066103953194,0.11214528266032361,0.9689,model,unchanged,none
shrinkage=0.25,us_house,state:55|district:cong_03,WI,3.0,0.43555176059770756,0.11214528266032361,0.2803,model,unchanged,none
shrinkage=0.25,us_house,state:55|district:cong_04,WI,4.0,0.7470864332111635,0.11214528266032361,0.98685,model,unchanged,none
shrinkage=0.25,us_house,state:55|district:cong_05,WI,5.0,0.3648362700169989,0.11214528266032361,0.10795,model,unchanged,none
shrinkage=0.25,us_house,state:55|district:cong_06,WI,6.0,0.3819359818816349,0.11214528266032361,0.14015,model,unchanged,none
shrinkage=0.25,us_house,state:55|district:cong_07,WI,7.0,0.3694769210801459,0.11214528266032361,0.11935,model,unchanged,none
shrinkage=0.25,us_house,state:55|district:cong_08,WI,8.0,0.40335280356553865,0.11214528266032361,0.18855,model,unchanged,none
shrinkage=0.25,us_house,state:54|district:cong_01,WV,1.0,0.3256107266218479,0.11214528266032361,0.06005,model,unchanged,none
shrinkage=0.25,us_house,state:54|district:cong_02,WV,2.0,0.3308142522808154,0.11214528266032361,0.06545,model,unchanged,none
shrinkage=0.25,us_house,state:56|district:cong_00,WY,0.0,0.30668950117362204,0.11214528266032361,0.04165,model,unchanged,none
shrinkage=0.25,us_senate,state:02,AK,,0.4173808762076514,0.12833967999474297,0.25435,model,n/a,none
shrinkage=0.25,us_senate,state:01,AL,,0.36595873243144583,0.12833967999474297,0.1504,model,n/a,none
shrinkage=0.25,us_senate,state:05,AR,,0.3645862387455847,0.12833967999474297,0.1452,model,n/a,none
shrinkage=0.25,us_senate,state:08,CO,,0.6843542186548844,0.12833967999474297,0.92125,model,n/a,none
shrinkage=0.25,us_senate,state:10,DE,,0.6953200678736536,0.12833967999474297,0.9391,model,n/a,none
shrinkage=0.25,us_senate,state:13,GA,,0.6439604368522979,0.12833967999474297,0.8675,model,n/a,none
shrinkage=0.25,us_senate,state:19,IA,,0.4181214111813323,0.12833967999474297,0.2611,model,n/a,none
shrinkage=0.25,us_senate,state:16,ID,,0.34609180106727677,0.12833967999474297,0.11365,model,n/a,none
shrinkage=0.25,us_senate,state:17,IL,,0.6838828637423923,0.12833967999474297,0.927,model,n/a,none
shrinkage=0.25,us_senate,state:20,KS,,0.4092483116253667,0.12833967999474297,0.23805,model,n/a,none
shrinkage=0.25,us_senate,state:21,KY,,0.36551919298587066,0.12833967999474297,0.14585,model,n/a,none
shrinkage=0.25,us_senate,state:22,LA,,0.39146084293687455,0.12833967999474297,0.1982,model,n/a,none
shrinkage=0.25,us_senate,state:25,MA,,0.7280859916796923,0.12833967999474297,0.95965,model,n/a,none
shrinkage=0.25,us_senate,state:23,ME,,0.4795542129907492,0.12833967999474297,0.4397,model,n/a,none
shrinkage=0.25,us_senate,state:26,MI,,0.6462528755174256,0.12833967999474297,0.87305,model,n/a,none
shrinkage=0.25,us_senate,state:27,MN,,0.6635626579898185,0.12833967999474297,0.8968,model,n/a,none
shrinkage=0.25,us_senate,state:28,MS,,0.38910333790053986,0.12833967999474297,0.1923,model,n/a,none
shrinkage=0.25,us_senate,state:30,MT,,0.39678290185176535,0.12833967999474297,0.20985,model,n/a,none
shrinkage=0.25,us_senate,state:37,NC,,0.44859193030391875,0.12833967999474297,0.345,model,n/a,none
shrinkage=0.25,us_senate,state:31,NE,,0.3959973147554592,0.12833967999474297,0.20855,model,n/a,none
shrinkage=0.25,us_senate,state:33,NH,,0.6590086788971573,0.12833967999474297,0.8934,model,n/a,none
shrinkage=0.25,us_senate,state:34,NJ,,0.6686017570325661,0.12833967999474297,0.9076,model,n/a,none
shrinkage=0.25,us_senate,state:35,NM,,0.668943008056689,0.12833967999474297,0.902,model,n/a,none
shrinkage=0.25,us_senate,state:40,OK,,0.3538157209905155,0.12833967999474297,0.1305,model,n/a,none
shrinkage=0.25,us_senate,state:41,OR,,0.6950437660490593,0.12833967999474297,0.93445,model,n/a,none
shrinkage=0.25,us_senate,state:44,RI,,0.6929384566088653,0.12833967999474297,0.93305,model,n/a,none
shrinkage=0.25,us_senate,state:45,SC,,0.4041267956635012,0.12833967999474297,0.2259,model,n/a,none
shrinkage=0.25,us_senate,state:46,SD,,0.36892361061115186,0.12833967999474297,0.152,model,n/a,none
shrinkage=0.25,us_senate,state:47,TN,,0.36823281850918155,0.12833967999474297,0.14975,model,n/a,none
shrinkage=0.25,us_senate,state:48,TX,,0.4168275776083201,0.12833967999474297,0.257,model,n/a,none
shrinkage=0.25,us_senate,state:51,VA,,0.6681935337148274,0.12833967999474297,0.90685,model,n/a,none
shrinkage=0.25,us_senate,state:54,WV,,0.33063669537475515,0.12833967999474297,0.0949,model,n/a,none
shrinkage=0.25,us_senate,state:56,WY,,0.31786033018573867,0.12833967999474297,0.07465,model,n/a,none
shrinkage=0.33,us_house,state:02|district:cong_00,AK,0.0,0.4467142946657949,0.11214528266032361,0.31865,model,unchanged,none
shrinkage=0.33,us_house,state:01|district:cong_01,AL,1.0,0.3683601231330606,0.1450431555000947,0.1827,fallback_state_lean,redrawn,active
shrinkage=0.33,us_house,state:01|district:cong_02,AL,2.0,0.5271515553323636,0.1450431555000947,0.5785,fallback_state_lean,redrawn,active
shrinkage=0.33,us_house,state:01|district:cong_03,AL,3.0,0.3683601231330606,0.1450431555000947,0.1798,fallback_state_lean,redrawn,active
shrinkage=0.33,us_house,state:01|district:cong_04,AL,4.0,0.3683601231330606,0.1450431555000947,0.1848,fallback_state_lean,redrawn,active
shrinkage=0.33,us_house,state:01|district:cong_05,AL,5.0,0.3683601231330606,0.1450431555000947,0.18035,fallback_state_lean,redrawn,active
shrinkage=0.33,us_house,state:01|district:cong_06,AL,6.0,0.3683601231330606,0.1450431555000947,0.1814,fallback_state_lean,redrawn,active
shrinkage=0.33,us_house,state:01|district:cong_07,AL,7.0,0.5271515553323636,0.1450431555000947,0.5774,fallback_state_lean,redrawn,active
shrinkage=0.33,us_house,state:05|district:cong_01,AR,1.0,0.3133722384003325,0.11214528266032361,0.04755,model,unchanged,none
shrinkage=0.33,us_house,state:05|district:cong_02,AR,2.0,0.40131581186449866,0.11214528266032361,0.1876,model,unchanged,none
shrinkage=0.33,us_house,state:05|district:cong_03,AR,3.0,0.35908709404506045,0.11214528266032361,0.10685,model,unchanged,none
shrinkage=0.33,us_house,state:05|district:cong_04,AR,4.0,0.3258798703128683,0.11214528266032361,0.059,model,unchanged,none
shrinkage=0.33,us_house,state:04|district:cong_01,AZ,1.0,0.43924609797674036,0.11214528266032361,0.29435,model,unchanged,none
shrinkage=0.33,us_house,state:04|district:cong_02,AZ,2.0,0.4253493523471051,0.11214528266032361,0.25105,model,unchanged,none
shrinkage=0.33,us_house,state:04|district:cong_03,AZ,3.0,0.7310850212789065,0.11214528266032361,0.98045,model,unchanged,none
shrinkage=0.33,us_house,state:04|district:cong_04,AZ,4.0,0.6283558429984666,0.11214528266032361,0.8741,model,unchanged,none
shrinkage=0.33,us_house,state:04|district:cong_05,AZ,5.0,0.393471567215962,0.11214528266032361,0.1669,model,unchanged,none
shrinkage=0.33,us_house,state:04|district:cong_06,AZ,6.0,0.4425912904045956,0.11214528266032361,0.30585,model,unchanged,none
shrinkage=0.33,us_house,state:04|district:cong_07,AZ,7.0,0.6809172460621311,0.11214528266032361,0.94485,model,unchanged,none
shrinkage=0.33,us_house,state:04|district:cong_08,AZ,8.0,0.41445292886766016,0.11214528266032361,0.2213,model,unchanged,none
shrinkage=0.33,us_house,state:04|district:cong_09,AZ,9.0,0.3669737169736516,0.11214528266032361,0.11335,model,unchanged,none
shrinkage=0.33,us_house,state:06|district:cong_01,CA,1.0,0.5078275784494131,0.1450431555000947,0.52055,fallback_state_lean,redrawn,none
shrinkage=0.33,us_house,state:06|district:cong_02,CA,2.0,0.6666190106487161,0.1450431555000947,0.87615,fallback_state_lean,redrawn,none
shrinkage=0.33,us_house,state:06|district:cong_03,CA,3.0,0.5078275784494131,0.1450431555000947,0.52075,fallback_state_lean,redrawn,none
shrinkage=0.33,us_house,state:06|district:cong_04,CA,4.0,0.6666190106487161,0.1450431555000947,0.8713,fallback_state_lean,redrawn,none
shrinkage=0.33,us_house,state:06|district:cong_05,CA,5.0,0.5078275784494131,0.1450431555000947,0.52335,fallback_state_lean,redrawn,none
shrinkage=0.33,us_house,state:06|district:cong_06,CA,6.0,0.6666190106487161,0.1450431555000947,0.8698,fallback_state_lean,redrawn,none
shrinkage=0.33,us_house,state:06|district:cong_07,CA,7.0,0.6666190106487161,0.1450431555000947,0.8746,fallback_state_lean,redrawn,none
shrinkage=0.33,us_house,state:06|district:cong_08,CA,8.0,0.6666190106487161,0.1450431555000947,0.87415,fallback_state_lean,redrawn,none
shrinkage=0.33,us_house,state:06|district:cong_09,CA,9.0,0.6666190106487161,0.1450431555000947,0.872,fallback_state_lean,redrawn,none
shrinkage=0.33,us_house,state:06|district:cong_10,CA,10.0,0.6666190106487161,0.1450431555000947,0.87475,fallback_state_lean,redrawn,none
shrinkage=0.33,us_house,state:06|district:cong_11,CA,11.0,0.6666190106487161,0.1450431555000947,0.872,fallback_state_lean,redrawn,none
shrinkage=0.33,us_house,state:06|district:cong_12,CA,12.0,0.6666190106487161,0.1450431555000947,0.873,fallback_state_lean,redrawn,none
shrinkage=0.33,us_house,state:06|district:cong_13,CA,13.0,0.6666190106487161,0.1450431555000947,0.87015,fallback_state_lean,redrawn,none
shrinkage=0.33,us_house,state:06|district:cong_14,CA,14.0,0.6666190106487161,0.1450431555000947,0.8771,fallback_state_lean,redrawn,none
shrinkage=0.33,us_house,state:06|district:cong_15,CA,15.0,0.6666190106487161,0.1450431555000947,0.8693,fallback_state_lean,redrawn,none
shrinkage=0.33,us_house,state:06|district:cong_16,CA,16.0,0.6666190106487161,0.1450431555000947,0.872,fallback_state_lean,redrawn,none
shrinkage=0.33,us_house,state:06|district:cong_17,CA,17.0,0.6666190106487161,0.1450431555000947,0.87415,fallback_state_lean,redrawn,none
shrinkage=0.33,us_house,state:06|district:cong_18,CA,18.0,0.6666190106487161,0.1450431555000947,0.87215,fallback_state_lean,redrawn,none
shrinkage=0.33,us_house,state:06|district:cong_19,CA,19.0,0.6666190106487161,0.1450431555000947,0.87075,fallback_state_lean,redrawn,none
shrinkage=0.33,us_house,state:06|district:cong_20,CA,20.0,0.5078275784494131,0.1450431555000947,0.51975,fallback_state_lean,redrawn,none
shrinkage=0.33,us_house,state:06|district:cong_21,CA,21.0,0.6666190106487161,0.1450431555000947,0.87325,fallback_state_lean,redrawn,none
shrinkage=0.33,us_house,state:06|district:cong_22,CA,22.0,0.5078275784494131,0.1450431555000947,0.51885,fallback_state_lean,redrawn,none
shrinkage=0.33,us_house,state:06|district:cong_23,CA,23.0,0.5078275784494131,0.1450431555000947,0.51715,fallback_state_lean,redrawn,none
shrinkage=0.33,us_house,state:06|district:cong_24,CA,24.0,0.6666190106487161,0.1450431555000947,0.87085,fallback_state_lean,redrawn,none
shrinkage=0.33,us_house,state:06|district:cong_25,CA,25.0,0.6666190106487161,0.1450431555000947,0.87245,fallback_state_lean,redrawn,none
shrinkage=0.33,us_house,state:06|district:cong_26,CA,26.0,0.6666190106487161,0.1450431555000947,0.87335,fallback_state_lean,redrawn,none
shrinkage=0.33,us_house,state:06|district:cong_27,CA,27.0,0.6666190106487161,0.1450431555000947,0.87205,fallback_state_lean,redrawn,none
shrinkage=0.33,us_house,state:06|district:cong_28,CA,28.0,0.6666190106487161,0.1450431555000947,0.8745,fallback_state_lean,redrawn,none
shrinkage=0.33,us_house,state:06|district:cong_29,CA,29.0,0.6666190106487161,0.1450431555000947,0.8717,fallback_state_lean,redrawn,none
shrinkage=0.33,us_house,state:06|district:cong_30,CA,30.0,0.6666190106487161,0.1450431555000947,0.8708,fallback_state_lean,redrawn,none
shrinkage=0.33,us_house,state:06|district:cong_31,CA,31.0,0.6666190106487161,0.1450431555000947,0.87615,fallback_state_lean,redrawn,none
shrinkage=0.33,us_house,state:06|district:cong_32,CA,32.0,0.6666190106487161,0.1450431555000947,0.87255,fallback_state_lean,redrawn,none
shrinkage=0.33,us_house,state:06|district:cong_33,CA,33.0,0.6666190106487161,0.1450431555000947,0.87385,fallback_state_lean,redrawn,none
shrinkage=0.33,us_house,state:06|district:cong_34,CA,34.0,0.6666190106487161,0.1450431555000947,0.87565,fallback_state_lean,redrawn,none
shrinkage=0.33,us_house,state:06|district:cong_35,CA,35.0,0.6666190106487161,0.1450431555000947,0.87745,fallback_state_lean,redrawn,none
shrinkage=0.33,us_house,state:06|district:cong_36,CA,36.0,0.6666190106487161,0.1450431555000947,0.8746,fallback_state_lean,redrawn,none
shrinkage=0.33,us_house,state:06|district:cong_37,CA,37.0,0.6666190106487161,0.1450431555000947,0.87195,fallback_state_lean,redrawn,none
shrinkage=0.33,us_house,state:06|district:cong_38,CA,38.0,0.6666190106487161,0.1450431555000947,0.8757,fallback_state_lean,redrawn,none
shrinkage=0.33,us_house,state:06|district:cong_39,CA,39.0,0.6666190106487161,0.1450431555000947,0.8729,fallback_state_lean,redrawn,none
shrinkage=0.33,us_house,state:06|district:cong_40,CA,40.0,0.5078275784494131,0.1450431555000947,0.5223,fallback_state_lean,redrawn,none
shrinkage=0.33,us_house,state:06|district:cong_41,CA,41.0,0.5078275784494131,0.1450431555000947,0.5188,fallback_state_lean,redrawn,none
shrinkage=0.33,us_house,state:06|district:cong_42,CA,42.0,0.6666190106487161,0.1450431555000947,0.8739,fallback_state_lean,redrawn,none
shrinkage=0.33,us_house,state:06|district:cong_43,CA,43.0,0.6666190106487161,0.1450431555000947,0.87395,fallback_state_lean,redrawn,none
shrinkage=0.33,us_house,state:06|district:cong_44,CA,44.0,0.6666190106487161,0.1450431555000947,0.8716,fallback_state_lean,redrawn,none
shrinkage=0.33,us_house,state:06|district:cong_45,CA,45.0,0.6666190106487161,0.1450431555000947,0.87235,fallback_state_lean,redrawn,none
shrinkage=0.33,us_house,state:06|district:cong_46,CA,46.0,0.6666190106487161,0.1450431555000947,0.87395,fallback_state_lean,redrawn,none
shrinkage=0.33,us_house,state:06|district:cong_47,CA,47.0,0.6666190106487161,0.1450431555000947,0.8732,fallback_state_lean,redrawn,none
shrinkage=0.33,us_house,state:06|district:cong_48,CA,48.0,0.5078275784494131,0.1450431555000947,0.52095,fallback_state_lean,redrawn,none
shrinkage=0.33,us_house,state:06|district:cong_49,CA,49.0,0.6666190106487161,0.1450431555000947,0.87355,fallback_state_lean,redrawn,none
shrinkage=0.33,us_house,state:06|district:cong_50,CA,50.0,0.6666190106487161,0.1450431555000947,0.8741,fallback_state_lean,redrawn,none
shrinkage=0.33,us_house,state:06|district:cong_51,CA,51.0,0.6666190106487161,0.1450431555000947,0.87145,fallback_state_lean,redrawn,none
shrinkage=0.33,us_house,state:06|district:cong_52,CA,52.0,0.6666190106487161,0.1450431555000947,0.8723,fallback_state_lean,redrawn,none
shrinkage=0.33,us_house,state:08|district:cong_01,CO,1.0,0.7595248497956373,0.11214528266032361,0.989,model,unchanged,none
shrinkage=0.33,us_house,state:08|district:cong_02,CO,2.0,0.71767767129234,0.11214528266032361,0.9718,model,unchanged,none
shrinkage=0.33,us_house,state:08|district:cong_03,CO,3.0,0.4356246597419399,0.11214528266032361,0.2823,model,unchanged,none
shrinkage=0.33,us_house,state:08|district:cong_04,CO,4.0,0.41680990999765244,0.11214528266032361,0.22805,model,unchanged,none
shrinkage=0.33,us_house,state:08|district:cong_05,CO,5.0,0.410567237131782,0.11214528266032361,0.2093,model,unchanged,none
shrinkage=0.33,us_house,state:08|district:cong_06,CO,6.0,0.6651547210974386,0.11214528266032361,0.92975,model,unchanged,none
shrinkage=0.33,us_house,state:08|district:cong_07,CO,7.0,0.6480017778113997,0.11214528266032361,0.90555,model,unchanged,none
shrinkage=0.33,us_house,state:08|district:cong_08,CO,8.0,0.44749998016051357,0.11214528266032361,0.3148,model,unchanged,none
shrinkage=0.33,us_house,state:09|district:cong_01,CT,1.0,0.6796848558188323,0.11214528266032361,0.94355,model,unchanged,none
shrinkage=0.33,us_house,state:09|district:cong_02,CT,2.0,0.6515918937393841,0.11214528266032361,0.90865,model,unchanged,none
shrinkage=0.33,us_house,state:09|district:cong_03,CT,3.0,0.6613293887061464,0.11214528266032361,0.92425,model,unchanged,none
shrinkage=0.33,us_house,state:09|district:cong_04,CT,4.0,0.6733780074246416,0.11214528266032361,0.93915,model,unchanged,none
shrinkage=0.33,us_house,state:09|district:cong_05,CT,5.0,0.6198923967604169,0.11214528266032361,0.85365,model,unchanged,none
shrinkage=0.33,us_house,state:10|district:cong_00,DE,0.0,0.6507665738004282,0.11214528266032361,0.91015,model,unchanged,none
shrinkage=0.33,us_house,state:12|district:cong_01,FL,1.0,0.41601483938686523,0.1450431555000947,0.2782,fallback_state_lean,redrawn,none
shrinkage=0.33,us_house,state:12|district:cong_02,FL,2.0,0.41601483938686523,0.1450431555000947,0.2783,fallback_state_lean,redrawn,none
shrinkage=0.33,us_house,state:12|district:cong_03,FL,3.0,0.41601483938686523,0.1450431555000947,0.27995,fallback_state_lean,redrawn,none
shrinkage=0.33,us_house,state:12|district:cong_04,FL,4.0,0.41601483938686523,0.1450431555000947,0.27925,fallback_state_lean,redrawn,none
shrinkage=0.33,us_house,state:12|district:cong_05,FL,5.0,0.41601483938686523,0.1450431555000947,0.2809,fallback_state_lean,redrawn,none
shrinkage=0.33,us_house,state:12|district:cong_06,FL,6.0,0.41601483938686523,0.1450431555000947,0.28245,fallback_state_lean,redrawn,none
shrinkage=0.33,us_house,state:12|district:cong_07,FL,7.0,0.41601483938686523,0.1450431555000947,0.28535,fallback_state_lean,redrawn,none
shrinkage=0.33,us_house,state:12|district:cong_08,FL,8.0,0.41601483938686523,0.1450431555000947,0.28115,fallback_state_lean,redrawn,none
shrinkage=0.33,us_house,state:12|district:cong_09,FL,9.0,0.5748062715861681,0.1450431555000947,0.6988,fallback_state_lean,redrawn,none
shrinkage=0.33,us_house,state:12|district:cong_10,FL,10.0,0.5748062715861681,0.1450431555000947,0.6991,fallback_state_lean,redrawn,none
shrinkage=0.33,us_house,state:12|district:cong_11,FL,11.0,0.41601483938686523,0.1450431555000947,0.2764,fallback_state_lean,redrawn,none
shrinkage=0.33,us_house,state:12|district:cong_12,FL,12.0,0.41601483938686523,0.1450431555000947,0.279,fallback_state_lean,redrawn,none
shrinkage=0.33,us_house,state:12|district:cong_13,FL,13.0,0.41601483938686523,0.1450431555000947,0.2811,fallback_state_lean,redrawn,none
shrinkage=0.33,us_house,state:12|district:cong_14,FL,14.0,0.5748062715861681,0.1450431555000947,0.6939,fallback_state_lean,redrawn,none
shrinkage=0.33,us_house,state:12|district:cong_15,FL,15.0,0.41601483938686523,0.1450431555000947,0.2783,fallback_state_lean,redrawn,none
shrinkage=0.33,us_house,state:12|district:cong_16,FL,16.0,0.41601483938686523,0.1450431555000947,0.2789,fallback_state_lean,redrawn,none
shrinkage=0.33,us_house,state:12|district:cong_17,FL,17.0,0.41601483938686523,0.1450431555000947,0.27975,fallback_state_lean,redrawn,none
shrinkage=0.33,us_house,state:12|district:cong_18,FL,18.0,0.41601483938686523,0.1450431555000947,0.2797,fallback_state_lean,redrawn,none
shrinkage=0.33,us_house,state:12|district:cong_19,FL,19.0,0.41601483938686523,0.1450431555000947,0.28015,fallback_state_lean,redrawn,none
shrinkage=0.33,us_house,state:12|district:cong_20,FL,20.0,0.5748062715861681,0.1450431555000947,0.6985,fallback_state_lean,redrawn,none
shrinkage=0.33,us_house,state:12|district:cong_21,FL,21.0,0.41601483938686523,0.1450431555000947,0.2767,fallback_state_lean,redrawn,none
shrinkage=0.33,us_house,state:12|district:cong_22,FL,22.0,0.5748062715861681,0.1450431555000947,0.69355,fallback_state_lean,redrawn,none
shrinkage=0.33,us_house,state:12|district:cong_23,FL,23.0,0.5748062715861681,0.1450431555000947,0.69605,fallback_state_lean,redrawn,none
shrinkage=0.33,us_house,state:12|district:cong_24,FL,24.0,0.5748062715861681,0.1450431555000947,0.69415,fallback_state_lean,redrawn,none
shrinkage=0.33,us_house,state:12|district:cong_25,FL,25.0,0.5748062715861681,0.1450431555000947,0.6951,fallback_state_lean,redrawn,none
shrinkage=0.33,us_house,state:12|district:cong_26,FL,26.0,0.41601483938686523,0.1450431555000947,0.27645,fallback_state_lean,redrawn,none
shrinkage=0.33,us_house,state:12|district:cong_27,FL,27.0,0.41601483938686523,0.1450431555000947,0.2783,fallback_state_lean,redrawn,none
shrinkage=0.33,us_house,state:12|district:cong_28,FL,28.0,0.41601483938686523,0.1450431555000947,0.28045,fallback_state_lean,redrawn,none
shrinkage=0.33,us_house,state:13|district:cong_01,GA,1.0,0.3848562053919692,0.11214528266032361,0.1505,model,unchanged,none
shrinkage=0.33,us_house,state:13|district:cong_02,GA,2.0,0.6424876070426142,0.11214528266032361,0.89865,model,unchanged,none
shrinkage=0.33,us_house,state:13|district:cong_03,GA,3.0,0.3615348074288064,0.11214528266032361,0.1113,model,unchanged,none
shrinkage=0.33,us_house,state:13|district:cong_04,GA,4.0,0.7464074532121117,0.11214528266032361,0.987,model,unchanged,none
shrinkage=0.33,us_house,state:13|district:cong_05,GA,5.0,0.8008947259018648,0.11214528266032361,0.9964,model,unchanged,none
shrinkage=0.33,us_house,state:13|district:cong_06,GA,6.0,0.7415500781245757,0.11214528266032361,0.9855,model,unchanged,none
shrinkage=0.33,us_house,state:13|district:cong_07,GA,7.0,0.36938030681779316,0.11214528266032361,0.1189,model,unchanged,none
shrinkage=0.33,us_house,state:13|district:cong_08,GA,8.0,0.34744155896243784,0.11214528266032361,0.08605,model,unchanged,none
shrinkage=0.33,us_house,state:13|district:cong_09,GA,9.0,0.34696589387181326,0.11214528266032361,0.08365,model,unchanged,none
shrinkage=0.33,us_house,state:13|district:cong_10,GA,10.0,0.3790951885277072,0.11214528266032361,0.14225,model,unchanged,none
shrinkage=0.33,us_house,state:13|district:cong_11,GA,11.0,0.3561206535844033,0.11214528266032361,0.10025,model,unchanged,none
shrinkage=0.33,us_house,state:13|district:cong_12,GA,12.0,0.3938437443708319,0.11214528266032361,0.1696,model,unchanged,none
shrinkage=0.33,us_house,state:13|district:cong_13,GA,13.0,0.726173172285953,0.11214528266032361,0.97885,model,unchanged,none
shrinkage=0.33,us_house,state:13|district:cong_14,GA,14.0,0.37198743818538027,0.11214528266032361,0.1215,model,unchanged,none
shrinkage=0.33,us_house,state:15|district:cong_01,HI,1.0,0.7262130484690859,0.11214528266032361,0.9765,model,unchanged,none
shrinkage=0.33,us_house,state:15|district:cong_02,HI,2.0,0.7096771669455649,0.11214528266032361,0.96945,model,unchanged,none
shrinkage=0.33,us_house,state:19|district:cong_01,IA,1.0,0.4490166131097571,0.11214528266032361,0.32195,model,unchanged,none
shrinkage=0.33,us_house,state:19|district:cong_02,IA,2.0,0.4069587555662209,0.11214528266032361,0.20435,model,unchanged,none
shrinkage=0.33,us_house,state:19|district:cong_03,IA,3.0,0.43919271681228694,0.11214528266032361,0.2933,model,unchanged,none
shrinkage=0.33,us_house,state:19|district:cong_04,IA,4.0,0.35660607196610944,0.11214528266032361,0.0982,model,unchanged,none
shrinkage=0.33,us_house,state:16|district:cong_01,ID,1.0,0.322085516841591,0.11214528266032361,0.05345,model,unchanged,none
shrinkage=0.33,us_house,state:16|district:cong_02,ID,2.0,0.3607035036297622,0.11214528266032361,0.10465,model,unchanged,none
shrinkage=0.33,us_house,state:17|district:cong_01,IL,1.0,0.6938886960709248,0.11214528266032361,0.9579,model,unchanged,none
shrinkage=0.33,us_house,state:17|district:cong_02,IL,2.0,0.7031064151634208,0.11214528266032361,0.9634,model,unchanged,none
shrinkage=0.33,us_house,state:17|district:cong_03,IL,3.0,0.7016422100713553,0.11214528266032361,0.9637,model,unchanged,none
shrinkage=0.33,us_house,state:17|district:cong_04,IL,4.0,0.7228298676369038,0.11214528266032361,0.97635,model,unchanged,none
shrinkage=0.33,us_house,state:17|district:cong_05,IL,5.0,0.7107214139665927,0.11214528266032361,0.96755,model,unchanged,none
shrinkage=0.33,us_house,state:17|district:cong_06,IL,6.0,0.6310420004842549,0.11214528266032361,0.8793,model,unchanged,none
shrinkage=0.33,us_house,state:17|district:cong_07,IL,7.0,0.7880402335714355,0.11214528266032361,0.99445,model,unchanged,none
shrinkage=0.33,us_house,state:17|district:cong_08,IL,8.0,0.6464101826729113,0.11214528266032361,0.905,model,unchanged,none
shrinkage=0.33,us_house,state:17|district:cong_09,IL,9.0,0.7075803681667945,0.11214528266032361,0.9688,model,unchanged,none
shrinkage=0.33,us_house,state:17|district:cong_10,IL,10.0,0.6621835108929678,0.11214528266032361,0.9263,model,unchanged,none
shrinkage=0.33,us_house,state:17|district:cong_11,IL,11.0,0.6385062267284203,0.11214528266032361,0.8929,model,unchanged,none
shrinkage=0.33,us_house,state:17|district:cong_12,IL,12.0,0.3189657826235477,0.11214528266032361,0.052,model,unchanged,none
shrinkage=0.33,us_house,state:17|district:cong_13,IL,13.0,0.6521148590985304,0.11214528266032361,0.91235,model,unchanged,none
shrinkage=0.33,us_house,state:17|district:cong_14,IL,14.0,0.6358760606905464,0.11214528266032361,0.88515,model,unchanged,none
shrinkage=0.33,us_house,state:17|district:cong_15,IL,15.0,0.17967906218269236,0.11214528266032361,0.0017,model,unchanged,none
shrinkage=0.33,us_house,state:17|district:cong_16,IL,16.0,0.17967906218269236,0.11214528266032361,0.00235,model,unchanged,none
shrinkage=0.33,us_house,state:17|district:cong_17,IL,17.0,0.6322200704908627,0.11214528266032361,0.8809,model,unchanged,none
shrinkage=0.33,us_house,state:18|district:cong_01,IN,1.0,0.6316263049964633,0.11214528266032361,0.88135,model,unchanged,none
shrinkage=0.33,us_house,state:18|district:cong_02,IN,2.0,0.3715511242602504,0.11214528266032361,0.12195,model,unchanged,none
shrinkage=0.33,us_house,state:18|district:cong_03,IN,3.0,0.35544817146487745,0.11214528266032361,0.0945,model,unchanged,none
shrinkage=0.33,us_house,state:18|district:cong_04,IN,4.0,0.3540050602862525,0.11214528266032361,0.09345,model,unchanged,none
shrinkage=0.33,us_house,state:18|district:cong_05,IN,5.0,0.3965436656840992,0.11214528266032361,0.17515,model,unchanged,none
shrinkage=0.33,us_house,state:18|district:cong_06,IN,6.0,0.35858490544387844,0.11214528266032361,0.1015,model,unchanged,none
shrinkage=0.33,us_house,state:18|district:cong_07,IN,7.0,0.7175818022845969,0.11214528266032361,0.97295,model,unchanged,none
shrinkage=0.33,us_house,state:18|district:cong_08,IN,8.0,0.3428537770838889,0.11214528266032361,0.0793,model,unchanged,none
shrinkage=0.33,us_house,state:18|district:cong_09,IN,9.0,0.3616803817816362,0.11214528266032361,0.1048,model,unchanged,none
shrinkage=0.33,us_house,state:20|district:cong_01,KS,1.0,0.3462527553743353,0.11214528266032361,0.08475,model,unchanged,none
shrinkage=0.33,us_house,state:20|district:cong_02,KS,2.0,0.3960758210093934,0.11214528266032361,0.17525,model,unchanged,none
shrinkage=0.33,us_house,state:20|district:cong_03,KS,3.0,0.638573983385554,0.11214528266032361,0.89085,model,unchanged,none
shrinkage=0.33,us_house,state:20|district:cong_04,KS,4.0,0.36831190268098957,0.11214528266032361,0.119,model,unchanged,none
shrinkage=0.33,us_house,state:21|district:cong_01,KY,1.0,0.3161417856888773,0.11214528266032361,0.05095,model,unchanged,none
shrinkage=0.33,us_house,state:21|district:cong_02,KY,2.0,0.3248541110360627,0.11214528266032361,0.0595,model,unchanged,none
shrinkage=0.33,us_house,state:21|district:cong_03,KY,3.0,0.6728590751080955,0.11214528266032361,0.93835,model,unchanged,none
shrinkage=0.33,us_house,state:21|district:cong_04,KY,4.0,0.17967906218269236,0.11214528266032361,0.00265,model,unchanged,none
shrinkage=0.33,us_house,state:21|district:cong_05,KY,5.0,0.17967906218269236,0.11214528266032361,0.00205,model,unchanged,none
shrinkage=0.33,us_house,state:21|district:cong_06,KY,6.0,0.37917449316472146,0.11214528266032361,0.1449,model,unchanged,none
shrinkage=0.33,us_house,state:22|district:cong_01,LA,1.0,0.39136349376988955,0.1450431555000947,0.22625,fallback_state_lean,redrawn,active
shrinkage=0.33,us_house,state:22|district:cong_02,LA,2.0,0.5501549259691925,0.1450431555000947,0.63935,fallback_state_lean,redrawn,active
shrinkage=0.33,us_house,state:22|district:cong_03,LA,3.0,0.39136349376988955,0.1450431555000947,0.22275,fallback_state_lean,redrawn,active
shrinkage=0.33,us_house,state:22|district:cong_04,LA,4.0,0.39136349376988955,0.1450431555000947,0.2266,fallback_state_lean,redrawn,active
shrinkage=0.33,us_house,state:22|district:cong_05,LA,5.0,0.39136349376988955,0.1450431555000947,0.22785,fallback_state_lean,redrawn,active
shrinkage=0.33,us_house,state:22|district:cong_06,LA,6.0,0.5501549259691925,0.1450431555000947,0.6336,fallback_state_lean,redrawn,active
shrinkage=0.33,us_house,state:25|district:cong_01,MA,1.0,0.8781894693380027,0.11214528266032361,0.9997,model,unchanged,none
shrinkage=0.33,us_house,state:25|district:cong_02,MA,2.0,0.8781894693380027,0.11214528266032361,0.99965,model,unchanged,none
shrinkage=0.33,us_house,state:25|district:cong_03,MA,3.0,0.8781894693380027,0.11214528266032361,0.99955,model,unchanged,none
shrinkage=0.33,us_house,state:25|district:cong_04,MA,4.0,0.8781894693380027,0.11214528266032361,0.9996,model,unchanged,none
shrinkage=0.33,us_house,state:25|district:cong_05,MA,5.0,0.8781894693380027,0.11214528266032361,0.9996,model,unchanged,none
shrinkage=0.33,us_house,state:25|district:cong_06,MA,6.0,0.8781894693380027,0.11214528266032361,0.9995,model,unchanged,none
shrinkage=0.33,us_house,state:25|district:cong_07,MA,7.0,0.8781894693380027,0.11214528266032361,0.99975,model,unchanged,none
shrinkage=0.33,us_house,state:25|district:cong_08,MA,8.0,0.7194067215751321,0.11214528266032361,0.97515,model,unchanged,none
shrinkage=0.33,us_house,state:25|district:cong_09,MA,9.0,0.64350925145069,0.11214528266032361,0.8997,model,unchanged,none
shrinkage=0.33,us_house,state:24|district:cong_01,MD,1.0,0.3881011903319639,0.11214528266032361,0.15535,model,unchanged,none
shrinkage=0.33,us_house,state:24|district:cong_02,MD,2.0,0.6598197889318723,0.11214528266032361,0.9243,model,unchanged,none
shrinkage=0.33,us_house,state:24|district:cong_03,MD,3.0,0.6678133534330689,0.11214528266032361,0.93125,model,unchanged,none
shrinkage=0.33,us_house,state:24|district:cong_04,MD,4.0,0.8173244381833638,0.11214528266032361,0.99765,model,unchanged,none
shrinkage=0.33,us_house,state:24|district:cong_05,MD,5.0,0.7050248280522854,0.11214528266032361,0.9669,model,unchanged,none
shrinkage=0.33,us_house,state:24|district:cong_06,MD,6.0,0.6254323866662358,0.11214528266032361,0.869,model,unchanged,none
shrinkage=0.33,us_house,state:24|district:cong_07,MD,7.0,0.7830978174111034,0.11214528266032361,0.9939,model,unchanged,none
shrinkage=0.33,us_house,state:24|district:cong_08,MD,8.0,0.7646480461459475,0.11214528266032361,0.9902,model,unchanged,none
shrinkage=0.33,us_house,state:23|district:cong_01,ME,1.0,0.6782969318619604,0.11214528266032361,0.94305,model,unchanged,none
shrinkage=0.33,us_house,state:23|district:cong_02,ME,2.0,0.6101947602875505,0.11214528266032361,0.83185,model,unchanged,none
shrinkage=0.33,us_house,state:26|district:cong_01,MI,1.0,0.3905057490240746,0.11214528266032361,0.1599,model,unchanged,none
shrinkage=0.33,us_house,state:26|district:cong_02,MI,2.0,0.3563257606759723,0.11214528266032361,0.09865,model,unchanged,none
shrinkage=0.33,us_house,state:26|district:cong_03,MI,3.0,0.635719142711582,0.11214528266032361,0.88795,model,unchanged,none
shrinkage=0.33,us_house,state:26|district:cong_04,MI,4.0,0.417443601239434,0.11214528266032361,0.2329,model,unchanged,none
shrinkage=0.33,us_house,state:26|district:cong_05,MI,5.0,0.3592951272216953,0.11214528266032361,0.1041,model,unchanged,none
shrinkage=0.33,us_house,state:26|district:cong_06,MI,6.0,0.6834945188387752,0.11214528266032361,0.94755,model,unchanged,none
shrinkage=0.33,us_house,state:26|district:cong_07,MI,7.0,0.4391793753696374,0.11214528266032361,0.2873,model,unchanged,none
shrinkage=0.33,us_house,state:26|district:cong_08,MI,8.0,0.6270188228600747,0.11214528266032361,0.87065,model,unchanged,none
shrinkage=0.33,us_house,state:26|district:cong_09,MI,9.0,0.3450896946052968,0.11214528266032361,0.0846,model,unchanged,none
shrinkage=0.33,us_house,state:26|district:cong_10,MI,10.0,0.4323264256966513,0.11214528266032361,0.26725,model,unchanged,none
shrinkage=0.33,us_house,state:26|district:cong_11,MI,11.0,0.6596573041659072,0.11214528266032361,0.9235,model,unchanged,none
shrinkage=0.33,us_house,state:26|district:cong_12,MI,12.0,0.7338509583513118,0.11214528266032361,0.98085,model,unchanged,none
shrinkage=0.33,us_house,state:26|district:cong_13,MI,13.0,0.7360730470340596,0.11214528266032361,0.9831,model,unchanged,none
shrinkage=0.33,us_house,state:27|district:cong_01,MN,1.0,0.403367532776022,0.11214528266032361,0.19045,model,unchanged,none
shrinkage=0.33,us_house,state:27|district:cong_02,MN,2.0,0.6455127362764546,0.11214528266032361,0.90295,model,unchanged,none
shrinkage=0.33,us_house,state:27|district:cong_03,MN,3.0,0.6541889293346238,0.11214528266032361,0.91525,model,unchanged,none
shrinkage=0.33,us_house,state:27|district:cong_04,MN,4.0,0.7020597695533746,0.11214528266032361,0.9632,model,unchanged,none
shrinkage=0.33,us_house,state:27|district:cong_05,MN,5.0,0.7442026979297625,0.11214528266032361,0.9868,model,unchanged,none
shrinkage=0.33,us_house,state:27|district:cong_06,MN,6.0,0.3818944444966924,0.11214528266032361,0.14255,model,unchanged,none
shrinkage=0.33,us_house,state:27|district:cong_07,MN,7.0,0.33876649369356526,0.11214528266032361,0.07405,model,unchanged,none
shrinkage=0.33,us_house,state:27|district:cong_08,MN,8.0,0.40611855520567175,0.11214528266032361,0.1979,model,unchanged,none
shrinkage=0.33,us_house,state:29|district:cong_01,MO,1.0,0.7730395882509442,0.11214528266032361,0.9911,model,unchanged,active
shrinkage=0.33,us_house,state:29|district:cong_02,MO,2.0,0.4161630037099869,0.11214528266032361,0.22445,model,unchanged,active
shrinkage=0.33,us_house,state:29|district:cong_03,MO,3.0,0.3768779403070478,0.11214528266032361,0.1351,model,unchanged,active
shrinkage=0.33,us_house,state:29|district:cong_04,MO,4.0,0.3258959147739151,0.11214528266032361,0.0594,model,unchanged,active
shrinkage=0.33,us_house,state:29|district:cong_05,MO,5.0,0.6747256581892548,0.11214528266032361,0.93915,model,unchanged,active
shrinkage=0.33,us_house,state:29|district:cong_06,MO,6.0,0.32853142996060547,0.11214528266032361,0.0623,model,unchanged,active
shrinkage=0.33,us_house,state:29|district:cong_07,MO,7.0,0.3246320126291473,0.11214528266032361,0.05805,model,unchanged,active
shrinkage=0.33,us_house,state:29|district:cong_08,MO,8.0,0.2997962273322748,0.11214528266032361,0.03515,model,unchanged,active
shrinkage=0.33,us_house,state:28|district:cong_01,MS,1.0,0.34262469740034485,0.11214528266032361,0.0787,model,unchanged,none
shrinkage=0.33,us_house,state:28|district:cong_02,MS,2.0,0.6731782588230946,0.11214528266032361,0.9432,model,unchanged,none
shrinkage=0.33,us_house,state:28|district:cong_03,MS,3.0,0.17967906218269236,0.11214528266032361,0.00225,model,unchanged,none
shrinkage=0.33,us_house,state:28|district:cong_04,MS,4.0,0.3202766103711765,0.11214528266032361,0.0537,model,unchanged,none
shrinkage=0.33,us_house,state:30|district:cong_01,MT,1.0,0.4281562688737564,0.11214528266032361,0.25775,model,unchanged,none
shrinkage=0.33,us_house,state:30|district:cong_02,MT,2.0,0.3632377705608241,0.11214528266032361,0.11085,model,unchanged,none
shrinkage=0.33,us_house,state:37|district:cong_01,NC,1.0,0.6016882128832075,0.1450431555000947,0.75925,fallback_state_lean,redrawn,none
shrinkage=0.33,us_house,state:37|district:cong_02,NC,2.0,0.6016882128832075,0.1450431555000947,0.7601,fallback_state_lean,redrawn,none
shrinkage=0.33,us_house,state:37|district:cong_03,NC,3.0,0.44289678068390453,0.1450431555000947,0.34335,fallback_state_lean,redrawn,none
shrinkage=0.33,us_house,state:37|district:cong_04,NC,4.0,0.6016882128832075,0.1450431555000947,0.76185,fallback_state_lean,redrawn,none
shrinkage=0.33,us_house,state:37|district:cong_05,NC,5.0,0.44289678068390453,0.1450431555000947,0.34405,fallback_state_lean,redrawn,none
shrinkage=0.33,us_house,state:37|district:cong_06,NC,6.0,0.44289678068390453,0.1450431555000947,0.34475,fallback_state_lean,redrawn,none
shrinkage=0.33,us_house,state:37|district:cong_07,NC,7.0,0.44289678068390453,0.1450431555000947,0.34555,fallback_state_lean,redrawn,none
shrinkage=0.33,us_house,state:37|district:cong_08,NC,8.0,0.44289678068390453,0.1450431555000947,0.3468,fallback_state_lean,redrawn,none
shrinkage=0.33,us_house,state:37|district:cong_09,NC,9.0,0.44289678068390453,0.1450431555000947,0.34245,fallback_state_lean,redrawn,none
shrinkage=0.33,us_house,state:37|district:cong_10,NC,10.0,0.44289678068390453,0.1450431555000947,0.342,fallback_state_lean,redrawn,none
shrinkage=0.33,us_house,state:37|district:cong_11,NC,11.0,0.44289678068390453,0.1450431555000947,0.3447,fallback_state_lean,redrawn,none
shrinkage=0.33,us_house,state:37|district:cong_12,NC,12.0,0.6016882128832075,0.1450431555000947,0.7555,fallback_state_lean,redrawn,none
shrinkage=0.33,us_house,state:37|district:cong_13,NC,13.0,0.44289678068390453,0.1450431555000947,0.3426,fallback_state_lean,redrawn,none
shrinkage=0.33,us_house,state:37|district:cong_14,NC,14.0,0.44289678068390453,0.1450431555000947,0.34755,fallback_state_lean,redrawn,none
shrinkage=0.33,us_house,state:38|district:cong_00,ND,0.0,0.34420258604720805,0.11214528266032361,0.0794,model,unchanged,none
shrinkage=0.33,us_house,state:31|district:cong_01,NE,1.0,0.3950048935022045,0.11214528266032361,0.16895,model,unchanged,none
shrinkage=0.33,us_house,state:31|district:cong_02,NE,2.0,0.44453799031241953,0.11214528266032361,0.3096,model,unchanged,none
shrinkage=0.33,us_house,state:31|district:cong_03,NE,3.0,0.28536499619228656,0.11214528266032361,0.02695,model,unchanged,none
shrinkage=0.33,us_house,state:33|district:cong_01,NH,1.0,0.6301055083097534,0.11214528266032361,0.8787,model,unchanged,none
shrinkage=0.33,us_house,state:33|district:cong_02,NH,2.0,0.6244296322453737,0.11214528266032361,0.86675,model,unchanged,none
shrinkage=0.33,us_house,state:34|district:cong_01,NJ,1.0,0.6575482913191636,0.11214528266032361,0.91815,model,unchanged,none
shrinkage=0.33,us_house,state:34|district:cong_02,NJ,2.0,0.4035978789926651,0.11214528266032361,0.19295,model,unchanged,none
shrinkage=0.33,us_house,state:34|district:cong_03,NJ,3.0,0.6319970238695211,0.11214528266032361,0.87815,model,unchanged,none
shrinkage=0.33,us_house,state:34|district:cong_04,NJ,4.0,0.3521920207347267,0.11214528266032361,0.09345,model,unchanged,none
shrinkage=0.33,us_house,state:34|district:cong_05,NJ,5.0,0.6394380034757866,0.11214528266032361,0.8908,model,unchanged,none
shrinkage=0.33,us_house,state:34|district:cong_06,NJ,6.0,0.6523452611485074,0.11214528266032361,0.91125,model,unchanged,none
shrinkage=0.33,us_house,state:34|district:cong_07,NJ,7.0,0.4346826241153811,0.11214528266032361,0.2775,model,unchanged,none
shrinkage=0.33,us_house,state:34|district:cong_08,NJ,8.0,0.678916894054927,0.11214528266032361,0.94355,model,unchanged,none
shrinkage=0.33,us_house,state:34|district:cong_09,NJ,9.0,0.6219884325731556,0.11214528266032361,0.86245,model,unchanged,none
shrinkage=0.33,us_house,state:34|district:cong_10,NJ,10.0,0.7539918978777865,0.11214528266032361,0.98855,model,unchanged,none
shrinkage=0.33,us_house,state:34|district:cong_11,NJ,11.0,0.6487783388580955,0.11214528266032361,0.9082,model,unchanged,none
shrinkage=0.33,us_house,state:34|district:cong_12,NJ,12.0,0.6767620650905565,0.11214528266032361,0.94235,model,unchanged,none
shrinkage=0.33,us_house,state:35|district:cong_01,NM,1.0,0.6427028192565405,0.11214528266032361,0.89775,model,unchanged,none
shrinkage=0.33,us_house,state:35|district:cong_02,NM,2.0,0.6195506490713774,0.11214528266032361,0.8575,model,unchanged,none
shrinkage=0.33,us_house,state:35|district:cong_03,NM,3.0,0.6422529344181506,0.11214528266032361,0.8964,model,unchanged,none
shrinkage=0.33,us_house,state:32|district:cong_01,NV,1.0,0.6293229511219741,0.11214528266032361,0.8725,model,unchanged,none
shrinkage=0.33,us_house,state:32|district:cong_02,NV,2.0,0.17967906218269236,0.11214528266032361,0.0015,model,unchanged,none
shrinkage=0.33,us_house,state:32|district:cong_03,NV,3.0,0.6157361387770457,0.11214528266032361,0.84555,model,unchanged,none
shrinkage=0.33,us_house,state:32|district:cong_04,NV,4.0,0.6307760095053735,0.11214528266032361,0.8791,model,unchanged,none
shrinkage=0.33,us_house,state:36|district:cong_01,NY,1.0,0.41981269121535963,0.11214528266032361,0.2331,model,unchanged,none
shrinkage=0.33,us_house,state:36|district:cong_02,NY,2.0,0.3916495748009829,0.11214528266032361,0.16195,model,unchanged,none
shrinkage=0.33,us_house,state:36|district:cong_03,NY,3.0,0.42922158115338543,0.11214528266032361,0.26145,model,unchanged,none
shrinkage=0.33,us_house,state:36|district:cong_04,NY,4.0,0.43984621924187123,0.11214528266032361,0.2953,model,unchanged,none
shrinkage=0.33,us_house,state:36|district:cong_05,NY,5.0,0.7444019375749187,0.11214528266032361,0.98475,model,unchanged,none
shrinkage=0.33,us_house,state:36|district:cong_06,NY,6.0,0.6836440423353842,0.11214528266032361,0.94825,model,unchanged,none
shrinkage=0.33,us_house,state:36|district:cong_07,NY,7.0,0.773952665618026,0.11214528266032361,0.9929,model,unchanged,none
shrinkage=0.33,us_house,state:36|district:cong_08,NY,8.0,0.7255792494740855,0.11214528266032361,0.9763,model,unchanged,none
shrinkage=0.33,us_house,state:36|district:cong_09,NY,9.0,0.8781894693380027,0.11214528266032361,0.99945,model,unchanged,none
shrinkage=0.33,us_house,state:36|district:cong_10,NY,10.0,0.7954898596867073,0.11214528266032361,0.99645,model,unchanged,none
shrinkage=0.33,us_house,state:36|district:cong_11,NY,11.0,0.38603585993775397,0.11214528266032361,0.15695,model,unchanged,none
shrinkage=0.33,us_house,state:36|district:cong_12,NY,12.0,0.7809042558184924,0.11214528266032361,0.9939,model,unchanged,none
shrinkage=0.33,us_house,state:36|district:cong_13,NY,13.0,0.8781894693380027,0.11214528266032361,0.99955,model,unchanged,none
shrinkage=0.33,us_house,state:36|district:cong_14,NY,14.0,0.7275099796605882,0.11214528266032361,0.9775,model,unchanged,none
shrinkage=0.33,us_house,state:36|district:cong_15,NY,15.0,0.7853083064538648,0.11214528266032361,0.9941,model,unchanged,none
shrinkage=0.33,us_house,state:36|district:cong_16,NY,16.0,0.6855126819488465,0.11214528266032361,0.95285,model,unchanged,none
shrinkage=0.33,us_house,state:36|district:cong_17,NY,17.0,0.4478169278603246,0.11214528266032361,0.31665,model,unchanged,none
shrinkage=0.33,us_house,state:36|district:cong_18,NY,18.0,0.6119618385206745,0.11214528266032361,0.8433,model,unchanged,none
shrinkage=0.33,us_house,state:36|district:cong_19,NY,19.0,0.44531954601142226,0.11214528266032361,0.31025,model,unchanged,none
shrinkage=0.33,us_house,state:36|district:cong_20,NY,20.0,0.635706977608079,0.11214528266032361,0.8888,model,unchanged,none
shrinkage=0.33,us_house,state:36|district:cong_21,NY,21.0,0.39586489246004936,0.11214528266032361,0.1745,model,unchanged,none
shrinkage=0.33,us_house,state:36|district:cong_22,NY,22.0,0.4468938046491872,0.11214528266032361,0.3128,model,unchanged,none
shrinkage=0.33,us_house,state:36|district:cong_23,NY,23.0,0.3690011200738872,0.11214528266032361,0.11815,model,unchanged,none
shrinkage=0.33,us_house,state:36|district:cong_24,NY,24.0,0.3647809986207124,0.11214528266032361,0.11295,model,unchanged,none
shrinkage=0.33,us_house,state:36|district:cong_25,NY,25.0,0.6292063880036775,0.11214528266032361,0.8772,model,unchanged,none
shrinkage=0.33,us_house,state:36|district:cong_26,NY,26.0,0.6837606068026725,0.11214528266032361,0.94795,model,unchanged,none
shrinkage=0.33,us_house,state:39|district:cong_01,OH,1.0,0.5799576448165902,0.1450431555000947,0.70695,fallback_state_lean,redrawn,none
shrinkage=0.33,us_house,state:39|district:cong_02,OH,2.0,0.42116621261728726,0.1450431555000947,0.291,fallback_state_lean,redrawn,none
shrinkage=0.33,us_house,state:39|district:cong_03,OH,3.0,0.5799576448165902,0.1450431555000947,0.71215,fallback_state_lean,redrawn,none
shrinkage=0.33,us_house,state:39|district:cong_04,OH,4.0,0.42116621261728726,0.1450431555000947,0.2903,fallback_state_lean,redrawn,none
shrinkage=0.33,us_house,state:39|district:cong_05,OH,5.0,0.42116621261728726,0.1450431555000947,0.2948,fallback_state_lean,redrawn,none
shrinkage=0.33,us_house,state:39|district:cong_06,OH,6.0,0.42116621261728726,0.1450431555000947,0.29165,fallback_state_lean,redrawn,none
shrinkage=0.33,us_house,state:39|district:cong_07,OH,7.0,0.42116621261728726,0.1450431555000947,0.2925,fallback_state_lean,redrawn,none
shrinkage=0.33,us_house,state:39|district:cong_08,OH,8.0,0.42116621261728726,0.1450431555000947,0.2911,fallback_state_lean,redrawn,none
shrinkage=0.33,us_house,state:39|district:cong_09,OH,9.0,0.5799576448165902,0.1450431555000947,0.7091,fallback_state_lean,redrawn,none
shrinkage=0.33,us_house,state:39|district:cong_10,OH,10.0,0.42116621261728726,0.1450431555000947,0.29075,fallback_state_lean,redrawn,none
shrinkage=0.33,us_house,state:39|district:cong_11,OH,11.0,0.5799576448165902,0.1450431555000947,0.71165,fallback_state_lean,redrawn,none
shrinkage=0.33,us_house,state:39|district:cong_12,OH,12.0,0.42116621261728726,0.1450431555000947,0.29695,fallback_state_lean,redrawn,none
shrinkage=0.33,us_house,state:39|district:cong_13,OH,13.0,0.5799576448165902,0.1450431555000947,0.7064,fallback_state_lean,redrawn,none
shrinkage=0.33,us_house,state:39|district:cong_14,OH,14.0,0.42116621261728726,0.1450431555000947,0.28935,fallback_state_lean,redrawn,none
shrinkage=0.33,us_house,state:39|district:cong_15,OH,15.0,0.42116621261728726,0.1450431555000947,0.29025,fallback_state_lean,redrawn,none
shrinkage=0.33,us_house,state:40|district:cong_01,OK,1.0,0.3759393501658358,0.11214528266032361,0.13495,model,unchanged,none
shrinkage=0.33,us_house,state:40|district:cong_02,OK,2.0,0.3007186432245947,0.11214528266032361,0.03645,model,unchanged,none
shrinkage=0.33,us_house,state:40|district:cong_03,OK,3.0,0.31709492117655796,0.11214528266032361,0.05075,model,unchanged,none
shrinkage=0.33,us_house,state:40|district:cong_04,OK,4.0,0.34283782782423633,0.11214528266032361,0.0809,model,unchanged,none
shrinkage=0.33,us_house,state:40|district:cong_05,OK,5.0,0.39182482441880345,0.11214528266032361,0.1665,model,unchanged,none
shrinkage=0.33,us_house,state:41|district:cong_01,OR,1.0,0.7213960216461798,0.11214528266032361,0.975,model,unchanged,none
shrinkage=0.33,us_house,state:41|district:cong_02,OR,2.0,0.3627994177019371,0.11214528266032361,0.1094,model,unchanged,none
shrinkage=0.33,us_house,state:41|district:cong_03,OR,3.0,0.7316980655887082,0.11214528266032361,0.97955,model,unchanged,none
shrinkage=0.33,us_house,state:41|district:cong_04,OR,4.0,0.6302529181529687,0.11214528266032361,0.8754,model,unchanged,none
shrinkage=0.33,us_house,state:41|district:cong_05,OR,5.0,0.6162743908341285,0.11214528266032361,0.8512,model,unchanged,none
shrinkage=0.33,us_house,state:41|district:cong_06,OR,6.0,0.6268532599152936,0.11214528266032361,0.86985,model,unchanged,none
shrinkage=0.33,us_house,state:42|district:cong_01,PA,1.0,0.41497982073639955,0.11214528266032361,0.22115,model,unchanged,none
shrinkage=0.33,us_house,state:42|district:cong_02,PA,2.0,0.7241567173043185,0.11214528266032361,0.97725,model,unchanged,none
shrinkage=0.33,us_house,state:42|district:cong_03,PA,3.0,0.8781894693380027,0.11214528266032361,0.99955,model,unchanged,none
shrinkage=0.33,us_house,state:42|district:cong_04,PA,4.0,0.6572689430124993,0.11214528266032361,0.91855,model,unchanged,none
shrinkage=0.33,us_house,state:42|district:cong_05,PA,5.0,0.6908448983096603,0.11214528266032361,0.9553,model,unchanged,none
shrinkage=0.33,us_house,state:42|district:cong_06,PA,6.0,0.6417915207401744,0.11214528266032361,0.89845,model,unchanged,none
shrinkage=0.33,us_house,state:42|district:cong_07,PA,7.0,0.4468206444103559,0.11214528266032361,0.3156,model,unchanged,none
shrinkage=0.33,us_house,state:42|district:cong_08,PA,8.0,0.445157154095915,0.11214528266032361,0.31415,model,unchanged,none
shrinkage=0.33,us_house,state:42|district:cong_09,PA,9.0,0.3388426680485017,0.11214528266032361,0.0722,model,unchanged,none
shrinkage=0.33,us_house,state:42|district:cong_10,PA,10.0,0.44612676311528215,0.11214528266032361,0.3118,model,unchanged,none
shrinkage=0.33,us_house,state:42|district:cong_11,PA,11.0,0.3799306958552789,0.11214528266032361,0.141,model,unchanged,none
shrinkage=0.33,us_house,state:42|district:cong_12,PA,12.0,0.6429360631510844,0.11214528266032361,0.89965,model,unchanged,none
shrinkage=0.33,us_house,state:42|district:cong_13,PA,13.0,0.31892919598551833,0.11214528266032361,0.0518,model,unchanged,none
shrinkage=0.33,us_house,state:42|district:cong_14,PA,14.0,0.3600896702177098,0.11214528266032361,0.10365,model,unchanged,none
shrinkage=0.33,us_house,state:42|district:cong_15,PA,15.0,0.33368423989959495,0.11214528266032361,0.06745,model,unchanged,none
shrinkage=0.33,us_house,state:42|district:cong_16,PA,16.0,0.37585189064233104,0.11214528266032361,0.1312,model,unchanged,none
shrinkage=0.33,us_house,state:42|district:cong_17,PA,17.0,0.6292475676271331,0.11214528266032361,0.87325,model,unchanged,none
shrinkage=0.33,us_house,state:44|district:cong_01,RI,1.0,0.6964574840060185,0.11214528266032361,0.96215,model,unchanged,none
shrinkage=0.33,us_house,state:44|district:cong_02,RI,2.0,0.6535680508779804,0.11214528266032361,0.9139,model,unchanged,none
shrinkage=0.33,us_house,state:45|district:cong_01,SC,1.0,0.40462699746406144,0.11214528266032361,0.195,model,unchanged,none
shrinkage=0.33,us_house,state:45|district:cong_02,SC,2.0,0.39737140442931285,0.11214528266032361,0.17715,model,unchanged,none
shrinkage=0.33,us_house,state:45|district:cong_03,SC,3.0,0.3205303893282763,0.11214528266032361,0.05495,model,unchanged,none
shrinkage=0.33,us_house,state:45|district:cong_04,SC,4.0,0.38692065922556923,0.11214528266032361,0.1528,model,unchanged,none
shrinkage=0.33,us_house,state:45|district:cong_05,SC,5.0,0.3760914560872962,0.11214528266032361,0.13465,model,unchanged,none
shrinkage=0.33,us_house,state:45|district:cong_06,SC,6.0,0.6722128103722638,0.11214528266032361,0.9388,model,unchanged,none
shrinkage=0.33,us_house,state:45|district:cong_07,SC,7.0,0.3686904427343027,0.11214528266032361,0.117,model,unchanged,none
shrinkage=0.33,us_house,state:46|district:cong_00,SD,0.0,0.33056033387307143,0.11214528266032361,0.06195,model,unchanged,none
shrinkage=0.33,us_house,state:47|district:cong_01,TN,1.0,0.370411390415236,0.1450431555000947,0.1854,fallback_state_lean,redrawn,active
shrinkage=0.33,us_house,state:47|district:cong_02,TN,2.0,0.370411390415236,0.1450431555000947,0.1875,fallback_state_lean,redrawn,active
shrinkage=0.33,us_house,state:47|district:cong_03,TN,3.0,0.370411390415236,0.1450431555000947,0.18305,fallback_state_lean,redrawn,active
shrinkage=0.33,us_house,state:47|district:cong_04,TN,4.0,0.370411390415236,0.1450431555000947,0.18355,fallback_state_lean,redrawn,active
shrinkage=0.33,us_house,state:47|district:cong_05,TN,5.0,0.370411390415236,0.1450431555000947,0.1821,fallback_state_lean,redrawn,active
shrinkage=0.33,us_house,state:47|district:cong_06,TN,6.0,0.370411390415236,0.1450431555000947,0.1839,fallback_state_lean,redrawn,active
shrinkage=0.33,us_house,state:47|district:cong_07,TN,7.0,0.370411390415236,0.1450431555000947,0.1872,fallback_state_lean,redrawn,active
shrinkage=0.33,us_house,state:47|district:cong_08,TN,8.0,0.370411390415236,0.1450431555000947,0.18355,fallback_state_lean,redrawn,active
shrinkage=0.33,us_house,state:47|district:cong_09,TN,9.0,0.529202822614539,0.1450431555000947,0.5819,fallback_state_lean,redrawn,active
shrinkage=0.33,us_house,state:48|district:cong_01,TX,1.0,0.41424475292564233,0.1450431555000947,0.2751,fallback_state_lean,redrawn,none
shrinkage=0.33,us_house,state:48|district:cong_02,TX,2.0,0.41424475292564233,0.1450431555000947,0.27735,fallback_state_lean,redrawn,none
shrinkage=0.33,us_house,state:48|district:cong_03,TX,3.0,0.41424475292564233,0.1450431555000947,0.277,fallback_state_lean,redrawn,none
shrinkage=0.33,us_house,state:48|district:cong_04,TX,4.0,0.41424475292564233,0.1450431555000947,0.2798,fallback_state_lean,redrawn,none
shrinkage=0.33,us_house,state:48|district:cong_05,TX,5.0,0.41424475292564233,0.1450431555000947,0.27565,fallback_state_lean,redrawn,none
shrinkage=0.33,us_house,state:48|district:cong_06,TX,6.0,0.41424475292564233,0.1450431555000947,0.2748,fallback_state_lean,redrawn,none
shrinkage=0.33,us_house,state:48|district:cong_07,TX,7.0,0.5730361851249453,0.1450431555000947,0.69435,fallback_state_lean,redrawn,none
shrinkage=0.33,us_house,state:48|district:cong_08,TX,8.0,0.41424475292564233,0.1450431555000947,0.2751,fallback_state_lean,redrawn,none
shrinkage=0.33,us_house,state:48|district:cong_09,TX,9.0,0.5730361851249453,0.1450431555000947,0.69045,fallback_state_lean,redrawn,none
shrinkage=0.33,us_house,state:48|district:cong_10,TX,10.0,0.41424475292564233,0.1450431555000947,0.27365,fallback_state_lean,redrawn,none
shrinkage=0.33,us_house,state:48|district:cong_11,TX,11.0,0.41424475292564233,0.1450431555000947,0.27525,fallback_state_lean,redrawn,none
shrinkage=0.33,us_house,state:48|district:cong_12,TX,12.0,0.41424475292564233,0.1450431555000947,0.2719,fallback_state_lean,redrawn,none
shrinkage=0.33,us_house,state:48|district:cong_13,TX,13.0,0.41424475292564233,0.1450431555000947,0.2751,fallback_state_lean,redrawn,none
shrinkage=0.33,us_house,state:48|district:cong_14,TX,14.0,0.41424475292564233,0.1450431555000947,0.2751,fallback_state_lean,redrawn,none
shrinkage=0.33,us_house,state:48|district:cong_15,TX,15.0,0.41424475292564233,0.1450431555000947,0.27785,fallback_state_lean,redrawn,none
shrinkage=0.33,us_house,state:48|district:cong_16,TX,16.0,0.5730361851249453,0.1450431555000947,0.6893,fallback_state_lean,redrawn,none
shrinkage=0.33,us_house,state:48|district:cong_17,TX,17.0,0.41424475292564233,0.1450431555000947,0.27555,fallback_state_lean,redrawn,none
shrinkage=0.33,us_house,state:48|district:cong_18,TX,18.0,0.5730361851249453,0.1450431555000947,0.6866,fallback_state_lean,redrawn,none
shrinkage=0.33,us_house,state:48|district:cong_19,TX,19.0,0.41424475292564233,0.1450431555000947,0.2763,fallback_state_lean,redrawn,none
shrinkage=0.33,us_house,state:48|district:cong_20,TX,20.0,0.5730361851249453,0.1450431555000947,0.69225,fallback_state_lean,redrawn,none
shrinkage=0.33,us_house,state:48|district:cong_21,TX,21.0,0.41424475292564233,0.1450431555000947,0.2748,fallback_state_lean,redrawn,none
shrinkage=0.33,us_house,state:48|district:cong_22,TX,22.0,0.41424475292564233,0.1450431555000947,0.2787,fallback_state_lean,redrawn,none
shrinkage=0.33,us_house,state:48|district:cong_23,TX,23.0,0.41424475292564233,0.1450431555000947,0.2746,fallback_state_lean,redrawn,none
shrinkage=0.33,us_house,state:48|district:cong_24,TX,24.0,0.41424475292564233,0.1450431555000947,0.27675,fallback_state_lean,redrawn,none
shrinkage=0.33,us_house,state:48|district:cong_25,TX,25.0,0.41424475292564233,0.1450431555000947,0.2761,fallback_state_lean,redrawn,none
shrinkage=0.33,us_house,state:48|district:cong_26,TX,26.0,0.41424475292564233,0.1450431555000947,0.28125,fallback_state_lean,redrawn,none
shrinkage=0.33,us_house,state:48|district:cong_27,TX,27.0,0.41424475292564233,0.1450431555000947,0.2766,fallback_state_lean,redrawn,none
shrinkage=0.33,us_house,state:48|district:cong_28,TX,28.0,0.5730361851249453,0.1450431555000947,0.69105,fallback_state_lean,redrawn,none
shrinkage=0.33,us_house,state:48|district:cong_29,TX,29.0,0.5730361851249453,0.1450431555000947,0.68985,fallback_state_lean,redrawn,none
shrinkage=0.33,us_house,state:48|district:cong_30,TX,30.0,0.5730361851249453,0.1450431555000947,0.69185,fallback_state_lean,redrawn,none
shrinkage=0.33,us_house,state:48|district:cong_31,TX,31.0,0.41424475292564233,0.1450431555000947,0.2738,fallback_state_lean,redrawn,none
shrinkage=0.33,us_house,state:48|district:cong_32,TX,32.0,0.5730361851249453,0.1450431555000947,0.6938,fallback_state_lean,redrawn,none
shrinkage=0.33,us_house,state:48|district:cong_33,TX,33.0,0.5730361851249453,0.1450431555000947,0.69005,fallback_state_lean,redrawn,none
shrinkage=0.33,us_house,state:48|district:cong_34,TX,34.0,0.5730361851249453,0.1450431555000947,0.69245,fallback_state_lean,redrawn,none
shrinkage=0.33,us_house,state:48|district:cong_35,TX,35.0,0.5730361851249453,0.1450431555000947,0.695,fallback_state_lean,redrawn,none
shrinkage=0.33,us_house,state:48|district:cong_36,TX,36.0,0.41424475292564233,0.1450431555000947,0.27425,fallback_state_lean,redrawn,none
shrinkage=0.33,us_house,state:48|district:cong_37,TX,37.0,0.5730361851249453,0.1450431555000947,0.6937,fallback_state_lean,redrawn,none
shrinkage=0.33,us_house,state:48|district:cong_38,TX,38.0,0.41424475292564233,0.1450431555000947,0.2762,fallback_state_lean,redrawn,none
shrinkage=0.33,us_house,state:49|district:cong_01,UT,1.0,0.39175835645040935,0.1450431555000947,0.22395,fallback_state_lean,redrawn,none
shrinkage=0.33,us_house,state:49|district:cong_02,UT,2.0,0.39175835645040935,0.1450431555000947,0.22825,fallback_state_lean,redrawn,none
shrinkage=0.33,us_house,state:49|district:cong_03,UT,3.0,0.39175835645040935,0.1450431555000947,0.22505,fallback_state_lean,redrawn,none
shrinkage=0.33,us_house,state:49|district:cong_04,UT,4.0,0.39175835645040935,0.1450431555000947,0.2234,fallback_state_lean,redrawn,none
shrinkage=0.33,us_house,state:51|district:cong_01,VA,1.0,0.41498810028482314,0.11214528266032361,0.22675,model,unchanged,none
shrinkage=0.33,us_house,state:51|district:cong_02,VA,2.0,0.4389195706454251,0.11214528266032361,0.29455,model,unchanged,none
shrinkage=0.33,us_house,state:51|district:cong_03,VA,3.0,0.7168192985530576,0.11214528266032361,0.97445,model,unchanged,none
shrinkage=0.33,us_house,state:51|district:cong_04,VA,4.0,0.7027277594981283,0.11214528266032361,0.9669,model,unchanged,none
shrinkage=0.33,us_house,state:51|district:cong_05,VA,5.0,0.40889411875845605,0.11214528266032361,0.20445,model,unchanged,none
shrinkage=0.33,us_house,state:51|district:cong_06,VA,6.0,0.3714533498577858,0.11214528266032361,0.12675,model,unchanged,none
shrinkage=0.33,us_house,state:51|district:cong_07,VA,7.0,0.615474549305237,0.11214528266032361,0.8469,model,unchanged,none
shrinkage=0.33,us_house,state:51|district:cong_08,VA,8.0,0.7398122059529502,0.11214528266032361,0.9852,model,unchanged,none
shrinkage=0.33,us_house,state:51|district:cong_09,VA,9.0,0.32744215973258356,0.11214528266032361,0.06215,model,unchanged,none
shrinkage=0.33,us_house,state:51|district:cong_10,VA,10.0,0.6206518297792764,0.11214528266032361,0.8629,model,unchanged,none
shrinkage=0.33,us_house,state:51|district:cong_11,VA,11.0,0.7000124578889093,0.11214528266032361,0.964,model,unchanged,none
shrinkage=0.33,us_house,state:50|district:cong_00,VT,0.0,0.7035747526960743,0.11214528266032361,0.96605,model,unchanged,none
shrinkage=0.33,us_house,state:53|district:cong_01,WA,1.0,0.6793484000908864,0.11214528266032361,0.94415,model,unchanged,none
shrinkage=0.33,us_house,state:53|district:cong_02,WA,2.0,0.6840519577463307,0.11214528266032361,0.9505,model,unchanged,none
shrinkage=0.33,us_house,state:53|district:cong_03,WA,3.0,0.6188336489361179,0.11214528266032361,0.8532,model,unchanged,none
shrinkage=0.33,us_house,state:53|district:cong_04,WA,4.0,0.1796790621826923,0.11214528266032361,0.00165,model,unchanged,none
shrinkage=0.33,us_house,state:53|district:cong_05,WA,5.0,0.39202487947032755,0.11214528266032361,0.17095,model,unchanged,none
shrinkage=0.33,us_house,state:53|district:cong_06,WA,6.0,0.645114552016665,0.11214528266032361,0.90215,model,unchanged,none
shrinkage=0.33,us_house,state:53|district:cong_07,WA,7.0,0.7927899995058214,0.11214528266032361,0.9954,model,unchanged,none
shrinkage=0.33,us_house,state:53|district:cong_08,WA,8.0,0.6303797507618623,0.11214528266032361,0.8744,model,unchanged,none
shrinkage=0.33,us_house,state:53|district:cong_09,WA,9.0,0.8781894693380026,0.11214528266032361,0.9996,model,unchanged,none
shrinkage=0.33,us_house,state:53|district:cong_10,WA,10.0,0.655147988465749,0.11214528266032361,0.9159,model,unchanged,none
shrinkage=0.33,us_house,state:55|district:cong_01,WI,1.0,0.42141593200233024,0.11214528266032361,0.23765,model,unchanged,none
shrinkage=0.33,us_house,state:55|district:cong_02,WI,2.0,0.7170363047871933,0.11214528266032361,0.9735,model,unchanged,none
shrinkage=0.33,us_house,state:55|district:cong_03,WI,3.0,0.44218145498958145,0.11214528266032361,0.3029,model,unchanged,none
shrinkage=0.33,us_house,state:55|district:cong_04,WI,4.0,0.7537161276030375,0.11214528266032361,0.98915,model,unchanged,none
shrinkage=0.33,us_house,state:55|district:cong_05,WI,5.0,0.3714659644088728,0.11214528266032361,0.12045,model,unchanged,none
shrinkage=0.33,us_house,state:55|district:cong_06,WI,6.0,0.3885656762735088,0.11214528266032361,0.15615,model,unchanged,none
shrinkage=0.33,us_house,state:55|district:cong_07,WI,7.0,0.3761066154720198,0.11214528266032361,0.1329,model,unchanged,none
shrinkage=0.33,us_house,state:55|district:cong_08,WI,8.0,0.40998249795741254,0.11214528266032361,0.2057,model,unchanged,none
shrinkage=0.33,us_house,state:54|district:cong_01,WV,1.0,0.33224042101372186,0.11214528266032361,0.0675,model,unchanged,none
shrinkage=0.33,us_house,state:54|district:cong_02,WV,2.0,0.33744394667268934,0.11214528266032361,0.0742,model,unchanged,none
shrinkage=0.33,us_house,state:56|district:cong_00,WY,0.0,0.313319195565496,0.11214528266032361,0.04645,model,unchanged,none
shrinkage=0.33,us_senate,state:02,AK,,0.42488981296240946,0.12833967999474297,0.27425,model,n/a,none
shrinkage=0.33,us_senate,state:01,AL,,0.3734676691862039,0.12833967999474297,0.1645,model,n/a,none
shrinkage=0.33,us_senate,state:05,AR,,0.37209517550034277,0.12833967999474297,0.1584,model,n/a,none
shrinkage=0.33,us_senate,state:08,CO,,0.6918631554096425,0.12833967999474297,0.9287,model,n/a,none
shrinkage=0.33,us_senate,state:10,DE,,0.7028290046284117,0.12833967999474297,0.94515,model,n/a,none
shrinkage=0.33,us_senate,state:13,GA,,0.6514693736070559,0.12833967999474297,0.88115,model,n/a,none
shrinkage=0.33,us_senate,state:19,IA,,0.42563034793609034,0.12833967999474297,0.28035,model,n/a,none
shrinkage=0.33,us_senate,state:16,ID,,0.3536007378220348,0.12833967999474297,0.125,model,n/a,none
shrinkage=0.33,us_senate,state:17,IL,,0.6913918004971503,0.12833967999474297,0.9344,model,n/a,none
shrinkage=0.33,us_senate,state:20,KS,,0.41675724838012473,0.12833967999474297,0.25665,model,n/a,none
shrinkage=0.33,us_senate,state:21,KY,,0.3730281297406287,0.12833967999474297,0.16035,model,n/a,none
shrinkage=0.33,us_senate,state:22,LA,,0.3989697796916326,0.12833967999474297,0.21485,model,n/a,none
shrinkage=0.33,us_senate,state:25,MA,,0.7355949284344504,0.12833967999474297,0.9639,model,n/a,none
shrinkage=0.33,us_senate,state:23,ME,,0.48706314974550724,0.12833967999474297,0.46085,model,n/a,none
shrinkage=0.33,us_senate,state:26,MI,,0.6537618122721837,0.12833967999474297,0.88475,model,n/a,none
shrinkage=0.33,us_senate,state:27,MN,,0.6710715947445766,0.12833967999474297,0.9058,model,n/a,none
shrinkage=0.33,us_senate,state:28,MS,,0.3966122746552979,0.12833967999474297,0.208,model,n/a,none
shrinkage=0.33,us_senate,state:30,MT,,0.4042918386065234,0.12833967999474297,0.22795,model,n/a,none
shrinkage=0.33,us_senate,state:37,NC,,0.4561008670586768,0.12833967999474297,0.3662,model,n/a,none
shrinkage=0.33,us_senate,state:31,NE,,0.40350625151021724,0.12833967999474297,0.2267,model,n/a,none
shrinkage=0.33,us_senate,state:33,NH,,0.6665176156519154,0.12833967999474297,0.90305,model,n/a,none
shrinkage=0.33,us_senate,state:34,NJ,,0.6761106937873241,0.12833967999474297,0.91695,model,n/a,none
shrinkage=0.33,us_senate,state:35,NM,,0.6764519448114471,0.12833967999474297,0.91135,model,n/a,none
shrinkage=0.33,us_senate,state:40,OK,,0.36132465774527356,0.12833967999474297,0.14175,model,n/a,none
shrinkage=0.33,us_senate,state:41,OR,,0.7025527028038173,0.12833967999474297,0.9415,model,n/a,none
shrinkage=0.33,us_senate,state:44,RI,,0.7004473933636234,0.12833967999474297,0.9408,model,n/a,none
shrinkage=0.33,us_senate,state:45,SC,,0.41163573241825924,0.12833967999474297,0.2432,model,n/a,none
shrinkage=0.33,us_senate,state:46,SD,,0.3764325473659099,0.12833967999474297,0.16615,model,n/a,none
shrinkage=0.33,us_senate,state:47,TN,,0.3757417552639396,0.12833967999474297,0.1633,model,n/a,none
shrinkage=0.33,us_senate,state:48,TX,,0.4243365143630782,0.12833967999474297,0.27755,model,n/a,none
shrinkage=0.33,us_senate,state:51,VA,,0.6757024704695854,0.12833967999474297,0.91525,model,n/a,none
shrinkage=0.33,us_senate,state:54,WV,,0.3381456321295132,0.12833967999474297,0.10505,model,n/a,none
shrinkage=0.33,us_senate,state:56,WY,,0.3253692669404967,0.12833967999474297,0.08345,model,n/a,none
shrinkage=0.5,us_house,state:02|district:cong_00,AK,0.0,0.46080239524852723,0.11214528266032361,0.3651,model,unchanged,none
shrinkage=0.5,us_house,state:01|district:cong_01,AL,1.0,0.38244822371579296,0.1450431555000947,0.2106,fallback_state_lean,redrawn,active
shrinkage=0.5,us_house,state:01|district:cong_02,AL,2.0,0.5412396559150959,0.1450431555000947,0.6152,fallback_state_lean,redrawn,active
shrinkage=0.5,us_house,state:01|district:cong_03,AL,3.0,0.38244822371579296,0.1450431555000947,0.2058,fallback_state_lean,redrawn,active
shrinkage=0.5,us_house,state:01|district:cong_04,AL,4.0,0.38244822371579296,0.1450431555000947,0.2105,fallback_state_lean,redrawn,active
shrinkage=0.5,us_house,state:01|district:cong_05,AL,5.0,0.38244822371579296,0.1450431555000947,0.20695,fallback_state_lean,redrawn,active
shrinkage=0.5,us_house,state:01|district:cong_06,AL,6.0,0.38244822371579296,0.1450431555000947,0.2086,fallback_state_lean,redrawn,active
shrinkage=0.5,us_house,state:01|district:cong_07,AL,7.0,0.5412396559150959,0.1450431555000947,0.61535,fallback_state_lean,redrawn,active
shrinkage=0.5,us_house,state:05|district:cong_01,AR,1.0,0.32746033898306487,0.11214528266032361,0.0625,model,unchanged,none
shrinkage=0.5,us_house,state:05|district:cong_02,AR,2.0,0.415403912447231,0.11214528266032361,0.2252,model,unchanged,none
shrinkage=0.5,us_house,state:05|district:cong_03,AR,3.0,0.3731751946277928,0.11214528266032361,0.13075,model,unchanged,none
shrinkage=0.5,us_house,state:05|district:cong_04,AR,4.0,0.3399679708956006,0.11214528266032361,0.07515,model,unchanged,none
shrinkage=0.5,us_house,state:04|district:cong_01,AZ,1.0,0.4533341985594727,0.11214528266032361,0.3399,model,unchanged,none
shrinkage=0.5,us_house,state:04|district:cong_02,AZ,2.0,0.43943745292983744,0.11214528266032361,0.2933,model,unchanged,none
shrinkage=0.5,us_house,state:04|district:cong_03,AZ,3.0,0.7451731218616388,0.11214528266032361,0.9855,model,unchanged,none
shrinkage=0.5,us_house,state:04|district:cong_04,AZ,4.0,0.6424439435811988,0.11214528266032361,0.89745,model,unchanged,none
shrinkage=0.5,us_house,state:04|district:cong_05,AZ,5.0,0.40755966779869435,0.11214528266032361,0.20115,model,unchanged,none
shrinkage=0.5,us_house,state:04|district:cong_06,AZ,6.0,0.45667939098732785,0.11214528266032361,0.3517,model,unchanged,none
shrinkage=0.5,us_house,state:04|district:cong_07,AZ,7.0,0.6950053466448635,0.11214528266032361,0.9575,model,unchanged,none
shrinkage=0.5,us_house,state:04|district:cong_08,AZ,8.0,0.42854102945039246,0.11214528266032361,0.2623,model,unchanged,none
shrinkage=0.5,us_house,state:04|district:cong_09,AZ,9.0,0.3810618175563839,0.11214528266032361,0.13905,model,unchanged,none
shrinkage=0.5,us_house,state:06|district:cong_01,CA,1.0,0.5219156790321455,0.1450431555000947,0.55945,fallback_state_lean,redrawn,none
shrinkage=0.5,us_house,state:06|district:cong_02,CA,2.0,0.6807071112314484,0.1450431555000947,0.895,fallback_state_lean,redrawn,none
shrinkage=0.5,us_house,state:06|district:cong_03,CA,3.0,0.5219156790321455,0.1450431555000947,0.56,fallback_state_lean,redrawn,none
shrinkage=0.5,us_house,state:06|district:cong_04,CA,4.0,0.6807071112314484,0.1450431555000947,0.8908,fallback_state_lean,redrawn,none
shrinkage=0.5,us_house,state:06|district:cong_05,CA,5.0,0.5219156790321455,0.1450431555000947,0.5644,fallback_state_lean,redrawn,none
shrinkage=0.5,us_house,state:06|district:cong_06,CA,6.0,0.6807071112314484,0.1450431555000947,0.89005,fallback_state_lean,redrawn,none
shrinkage=0.5,us_house,state:06|district:cong_07,CA,7.0,0.6807071112314484,0.1450431555000947,0.89455,fallback_state_lean,redrawn,none
shrinkage=0.5,us_house,state:06|district:cong_08,CA,8.0,0.6807071112314484,0.1450431555000947,0.89355,fallback_state_lean,redrawn,none
shrinkage=0.5,us_house,state:06|district:cong_09,CA,9.0,0.6807071112314484,0.1450431555000947,0.89125,fallback_state_lean,redrawn,none
shrinkage=0.5,us_house,state:06|district:cong_10,CA,10.0,0.6807071112314484,0.1450431555000947,0.89265,fallback_state_lean,redrawn,none
shrinkage=0.5,us_house,state:06|district:cong_11,CA,11.0,0.6807071112314484,0.1450431555000947,0.89185,fallback_state_lean,redrawn,none
shrinkage=0.5,us_house,state:06|district:cong_12,CA,12.0,0.6807071112314484,0.1450431555000947,0.89235,fallback_state_lean,redrawn,none
shrinkage=0.5,us_house,state:06|district:cong_13,CA,13.0,0.6807071112314484,0.1450431555000947,0.8884,fallback_state_lean,redrawn,none
shrinkage=0.5,us_house,state:06|district:cong_14,CA,14.0,0.6807071112314484,0.1450431555000947,0.8934,fallback_state_lean,redrawn,none
shrinkage=0.5,us_house,state:06|district:cong_15,CA,15.0,0.6807071112314484,0.1450431555000947,0.8901,fallback_state_lean,redrawn,none
shrinkage=0.5,us_house,state:06|district:cong_16,CA,16.0,0.6807071112314484,0.1450431555000947,0.8909,fallback_state_lean,redrawn,none
shrinkage=0.5,us_house,state:06|district:cong_17,CA,17.0,0.6807071112314484,0.1450431555000947,0.8928,fallback_state_lean,redrawn,none
shrinkage=0.5,us_house,state:06|district:cong_18,CA,18.0,0.6807071112314484,0.1450431555000947,0.89105,fallback_state_lean,redrawn,none
shrinkage=0.5,us_house,state:06|district:cong_19,CA,19.0,0.6807071112314484,0.1450431555000947,0.88935,fallback_state_lean,redrawn,none
shrinkage=0.5,us_house,state:06|district:cong_20,CA,20.0,0.5219156790321455,0.1450431555000947,0.5574,fallback_state_lean,redrawn,none
shrinkage=0.5,us_house,state:06|district:cong_21,CA,21.0,0.6807071112314484,0.1450431555000947,0.89145,fallback_state_lean,redrawn,none
shrinkage=0.5,us_house,state:06|district:cong_22,CA,22.0,0.5219156790321455,0.1450431555000947,0.55825,fallback_state_lean,redrawn,none
shrinkage=0.5,us_house,state:06|district:cong_23,CA,23.0,0.5219156790321455,0.1450431555000947,0.5562,fallback_state_lean,redrawn,none
shrinkage=0.5,us_house,state:06|district:cong_24,CA,24.0,0.6807071112314484,0.1450431555000947,0.88995,fallback_state_lean,redrawn,none
shrinkage=0.5,us_house,state:06|district:cong_25,CA,25.0,0.6807071112314484,0.1450431555000947,0.8915,fallback_state_lean,redrawn,none
shrinkage=0.5,us_house,state:06|district:cong_26,CA,26.0,0.6807071112314484,0.1450431555000947,0.8925,fallback_state_lean,redrawn,none
shrinkage=0.5,us_house,state:06|district:cong_27,CA,27.0,0.6807071112314484,0.1450431555000947,0.8922,fallback_state_lean,redrawn,none
shrinkage=0.5,us_house,state:06|district:cong_28,CA,28.0,0.6807071112314484,0.1450431555000947,0.892,fallback_state_lean,redrawn,none
shrinkage=0.5,us_house,state:06|district:cong_29,CA,29.0,0.6807071112314484,0.1450431555000947,0.88995,fallback_state_lean,redrawn,none
shrinkage=0.5,us_house,state:06|district:cong_30,CA,30.0,0.6807071112314484,0.1450431555000947,0.88975,fallback_state_lean,redrawn,none
shrinkage=0.5,us_house,state:06|district:cong_31,CA,31.0,0.6807071112314484,0.1450431555000947,0.89525,fallback_state_lean,redrawn,none
shrinkage=0.5,us_house,state:06|district:cong_32,CA,32.0,0.6807071112314484,0.1450431555000947,0.8907,fallback_state_lean,redrawn,none
shrinkage=0.5,us_house,state:06|district:cong_33,CA,33.0,0.6807071112314484,0.1450431555000947,0.8937,fallback_state_lean,redrawn,none
shrinkage=0.5,us_house,state:06|district:cong_34,CA,34.0,0.6807071112314484,0.1450431555000947,0.8938,fallback_state_lean,redrawn,none
shrinkage=0.5,us_house,state:06|district:cong_35,CA,35.0,0.6807071112314484,0.1450431555000947,0.89475,fallback_state_lean,redrawn,none
shrinkage=0.5,us_house,state:06|district:cong_36,CA,36.0,0.6807071112314484,0.1450431555000947,0.8946,fallback_state_lean,redrawn,none
shrinkage=0.5,us_house,state:06|district:cong_37,CA,37.0,0.6807071112314484,0.1450431555000947,0.8906,fallback_state_lean,redrawn,none
shrinkage=0.5,us_house,state:06|district:cong_38,CA,38.0,0.6807071112314484,0.1450431555000947,0.89445,fallback_state_lean,redrawn,none
shrinkage=0.5,us_house,state:06|district:cong_39,CA,39.0,0.6807071112314484,0.1450431555000947,0.89245,fallback_state_lean,redrawn,none
shrinkage=0.5,us_house,state:06|district:cong_40,CA,40.0,0.5219156790321455,0.1450431555000947,0.5621,fallback_state_lean,redrawn,none
shrinkage=0.5,us_house,state:06|district:cong_41,CA,41.0,0.5219156790321455,0.1450431555000947,0.55725,fallback_state_lean,redrawn,none
shrinkage=0.5,us_house,state:06|district:cong_42,CA,42.0,0.6807071112314484,0.1450431555000947,0.89305,fallback_state_lean,redrawn,none
shrinkage=0.5,us_house,state:06|district:cong_43,CA,43.0,0.6807071112314484,0.1450431555000947,0.89305,fallback_state_lean,redrawn,none
shrinkage=0.5,us_house,state:06|district:cong_44,CA,44.0,0.6807071112314484,0.1450431555000947,0.89055,fallback_state_lean,redrawn,none
shrinkage=0.5,us_house,state:06|district:cong_45,CA,45.0,0.6807071112314484,0.1450431555000947,0.89035,fallback_state_lean,redrawn,none
shrinkage=0.5,us_house,state:06|district:cong_46,CA,46.0,0.6807071112314484,0.1450431555000947,0.8926,fallback_state_lean,redrawn,none
shrinkage=0.5,us_house,state:06|district:cong_47,CA,47.0,0.6807071112314484,0.1450431555000947,0.89055,fallback_state_lean,redrawn,none
shrinkage=0.5,us_house,state:06|district:cong_48,CA,48.0,0.5219156790321455,0.1450431555000947,0.5597,fallback_state_lean,redrawn,none
shrinkage=0.5,us_house,state:06|district:cong_49,CA,49.0,0.6807071112314484,0.1450431555000947,0.89355,fallback_state_lean,redrawn,none
shrinkage=0.5,us_house,state:06|district:cong_50,CA,50.0,0.6807071112314484,0.1450431555000947,0.89235,fallback_state_lean,redrawn,none
shrinkage=0.5,us_house,state:06|district:cong_51,CA,51.0,0.6807071112314484,0.1450431555000947,0.88965,fallback_state_lean,redrawn,none
shrinkage=0.5,us_house,state:06|district:cong_52,CA,52.0,0.6807071112314484,0.1450431555000947,0.8926,fallback_state_lean,redrawn,none
shrinkage=0.5,us_house,state:08|district:cong_01,CO,1.0,0.7736129503783695,0.11214528266032361,0.9927,model,unchanged,none
shrinkage=0.5,us_house,state:08|district:cong_02,CO,2.0,0.7317657718750723,0.11214528266032361,0.98015,model,unchanged,none
shrinkage=0.5,us_house,state:08|district:cong_03,CO,3.0,0.4497127603246723,0.11214528266032361,0.32745,model,unchanged,none
shrinkage=0.5,us_house,state:08|district:cong_04,CO,4.0,0.43089801058038474,0.11214528266032361,0.2666,model,unchanged,none
shrinkage=0.5,us_house,state:08|district:cong_05,CO,5.0,0.42465533771451436,0.11214528266032361,0.24485,model,unchanged,none
shrinkage=0.5,us_house,state:08|district:cong_06,CO,6.0,0.6792428216801708,0.11214528266032361,0.9448,model,unchanged,none
shrinkage=0.5,us_house,state:08|district:cong_07,CO,7.0,0.662089878394132,0.11214528266032361,0.9234,model,unchanged,none
shrinkage=0.5,us_house,state:08|district:cong_08,CO,8.0,0.4615880807432459,0.11214528266032361,0.361,model,unchanged,none
shrinkage=0.5,us_house,state:09|district:cong_01,CT,1.0,0.6937729564015647,0.11214528266032361,0.9579,model,unchanged,none
shrinkage=0.5,us_house,state:09|district:cong_02,CT,2.0,0.6656799943221163,0.11214528266032361,0.92765,model,unchanged,none
shrinkage=0.5,us_house,state:09|district:cong_03,CT,3.0,0.6754174892888788,0.11214528266032361,0.94015,model,unchanged,none
shrinkage=0.5,us_house,state:09|district:cong_04,CT,4.0,0.687466108007374,0.11214528266032361,0.95235,model,unchanged,none
shrinkage=0.5,us_house,state:09|district:cong_05,CT,5.0,0.6339804973431492,0.11214528266032361,0.88065,model,unchanged,none
shrinkage=0.5,us_house,state:10|district:cong_00,DE,0.0,0.6648546743831606,0.11214528266032361,0.92935,model,unchanged,none
shrinkage=0.5,us_house,state:12|district:cong_01,FL,1.0,0.43010293996959753,0.1450431555000947,0.31505,fallback_state_lean,redrawn,none
shrinkage=0.5,us_house,state:12|district:cong_02,FL,2.0,0.43010293996959753,0.1450431555000947,0.3125,fallback_state_lean,redrawn,none
shrinkage=0.5,us_house,state:12|district:cong_03,FL,3.0,0.43010293996959753,0.1450431555000947,0.3142,fallback_state_lean,redrawn,none
shrinkage=0.5,us_house,state:12|district:cong_04,FL,4.0,0.43010293996959753,0.1450431555000947,0.31385,fallback_state_lean,redrawn,none
shrinkage=0.5,us_house,state:12|district:cong_05,FL,5.0,0.43010293996959753,0.1450431555000947,0.31625,fallback_state_lean,redrawn,none
shrinkage=0.5,us_house,state:12|district:cong_06,FL,6.0,0.43010293996959753,0.1450431555000947,0.3157,fallback_state_lean,redrawn,none
shrinkage=0.5,us_house,state:12|district:cong_07,FL,7.0,0.43010293996959753,0.1450431555000947,0.3175,fallback_state_lean,redrawn,none
shrinkage=0.5,us_house,state:12|district:cong_08,FL,8.0,0.43010293996959753,0.1450431555000947,0.31595,fallback_state_lean,redrawn,none
shrinkage=0.5,us_house,state:12|district:cong_09,FL,9.0,0.5888943721689005,0.1450431555000947,0.7326,fallback_state_lean,redrawn,none
shrinkage=0.5,us_house,state:12|district:cong_10,FL,10.0,0.5888943721689005,0.1450431555000947,0.73055,fallback_state_lean,redrawn,none
shrinkage=0.5,us_house,state:12|district:cong_11,FL,11.0,0.43010293996959753,0.1450431555000947,0.31005,fallback_state_lean,redrawn,none
shrinkage=0.5,us_house,state:12|district:cong_12,FL,12.0,0.43010293996959753,0.1450431555000947,0.31325,fallback_state_lean,redrawn,none
shrinkage=0.5,us_house,state:12|district:cong_13,FL,13.0,0.43010293996959753,0.1450431555000947,0.31555,fallback_state_lean,redrawn,none
shrinkage=0.5,us_house,state:12|district:cong_14,FL,14.0,0.5888943721689005,0.1450431555000947,0.7289,fallback_state_lean,redrawn,none
shrinkage=0.5,us_house,state:12|district:cong_15,FL,15.0,0.43010293996959753,0.1450431555000947,0.3111,fallback_state_lean,redrawn,none
shrinkage=0.5,us_house,state:12|district:cong_16,FL,16.0,0.43010293996959753,0.1450431555000947,0.31365,fallback_state_lean,redrawn,none
shrinkage=0.5,us_house,state:12|district:cong_17,FL,17.0,0.43010293996959753,0.1450431555000947,0.3143,fallback_state_lean,redrawn,none
shrinkage=0.5,us_house,state:12|district:cong_18,FL,18.0,0.43010293996959753,0.1450431555000947,0.3135,fallback_state_lean,redrawn,none
shrinkage=0.5,us_house,state:12|district:cong_19,FL,19.0,0.43010293996959753,0.1450431555000947,0.3131,fallback_state_lean,redrawn,none
shrinkage=0.5,us_house,state:12|district:cong_20,FL,20.0,0.5888943721689005,0.1450431555000947,0.72945,fallback_state_lean,redrawn,none
shrinkage=0.5,us_house,state:12|district:cong_21,FL,21.0,0.43010293996959753,0.1450431555000947,0.31105,fallback_state_lean,redrawn,none
shrinkage=0.5,us_house,state:12|district:cong_22,FL,22.0,0.5888943721689005,0.1450431555000947,0.7272,fallback_state_lean,redrawn,none
shrinkage=0.5,us_house,state:12|district:cong_23,FL,23.0,0.5888943721689005,0.1450431555000947,0.72915,fallback_state_lean,redrawn,none
shrinkage=0.5,us_house,state:12|district:cong_24,FL,24.0,0.5888943721689005,0.1450431555000947,0.72865,fallback_state_lean,redrawn,none
shrinkage=0.5,us_house,state:12|district:cong_25,FL,25.0,0.5888943721689005,0.1450431555000947,0.7316,fallback_state_lean,redrawn,none
shrinkage=0.5,us_house,state:12|district:cong_26,FL,26.0,0.43010293996959753,0.1450431555000947,0.30845,fallback_state_lean,redrawn,none
shrinkage=0.5,us_house,state:12|district:cong_27,FL,27.0,0.43010293996959753,0.1450431555000947,0.3106,fallback_state_lean,redrawn,none
shrinkage=0.5,us_house,state:12|district:cong_28,FL,28.0,0.43010293996959753,0.1450431555000947,0.31555,fallback_state_lean,redrawn,none
shrinkage=0.5,us_house,state:13|district:cong_01,GA,1.0,0.39894430597470154,0.11214528266032361,0.18365,model,unchanged,none
shrinkage=0.5,us_house,state:13|district:cong_02,GA,2.0,0.6565757076253466,0.11214528266032361,0.91835,model,unchanged,none
shrinkage=0.5,us_house,state:13|district:cong_03,GA,3.0,0.3756229080115387,0.11214528266032361,0.13725,model,unchanged,none
shrinkage=0.5,us_house,state:13|district:cong_04,GA,4.0,0.7604955537948439,0.11214528266032361,0.9911,model,unchanged,none
shrinkage=0.5,us_house,state:13|district:cong_05,GA,5.0,0.8149828264845972,0.11214528266032361,0.99755,model,unchanged,none
shrinkage=0.5,us_house,state:13|district:cong_06,GA,6.0,0.7556381787073081,0.11214528266032361,0.9885,model,unchanged,none
shrinkage=0.5,us_house,state:13|district:cong_07,GA,7.0,0.3834684074005255,0.11214528266032361,0.14595,model,unchanged,none
shrinkage=0.5,us_house,state:13|district:cong_08,GA,8.0,0.3615296595451702,0.11214528266032361,0.10865,model,unchanged,none
shrinkage=0.5,us_house,state:13|district:cong_09,GA,9.0,0.3610539944545456,0.11214528266032361,0.1043,model,unchanged,none
shrinkage=0.5,us_house,state:13|district:cong_10,GA,10.0,0.3931832891104395,0.11214528266032361,0.17195,model,unchanged,none
shrinkage=0.5,us_house,state:13|district:cong_11,GA,11.0,0.3702087541671356,0.11214528266032361,0.12375,model,unchanged,none
shrinkage=0.5,us_house,state:13|district:cong_12,GA,12.0,0.40793184495356427,0.11214528266032361,0.2032,model,unchanged,none
shrinkage=0.5,us_house,state:13|district:cong_13,GA,13.0,0.7402612728686853,0.11214528266032361,0.98495,model,unchanged,none
shrinkage=0.5,us_house,state:13|district:cong_14,GA,14.0,0.3860755387681126,0.11214528266032361,0.1511,model,unchanged,none
shrinkage=0.5,us_house,state:15|district:cong_01,HI,1.0,0.7403011490518182,0.11214528266032361,0.983,model,unchanged,none
shrinkage=0.5,us_house,state:15|district:cong_02,HI,2.0,0.7237652675282973,0.11214528266032361,0.97655,model,unchanged,none
shrinkage=0.5,us_house,state:19|district:cong_01,IA,1.0,0.46310471369248946,0.11214528266032361,0.36865,model,unchanged,none
shrinkage=0.5,us_house,state:19|district:cong_02,IA,2.0,0.4210468561489532,0.11214528266032361,0.24065,model,unchanged,none
shrinkage=0.5,us_house,state:19|district:cong_03,IA,3.0,0.4532808173950192,0.11214528266032361,0.33475,model,unchanged,none
shrinkage=0.5,us_house,state:19|district:cong_04,IA,4.0,0.37069417254884174,0.11214528266032361,0.122,model,unchanged,none
shrinkage=0.5,us_house,state:16|district:cong_01,ID,1.0,0.33617361742432333,0.11214528266032361,0.06975,model,unchanged,none
shrinkage=0.5,us_house,state:16|district:cong_02,ID,2.0,0.3747916042124945,0.11214528266032361,0.1303,model,unchanged,none
shrinkage=0.5,us_house,state:17|district:cong_01,IL,1.0,0.7079767966536572,0.11214528266032361,0.9688,model,unchanged,none
shrinkage=0.5,us_house,state:17|district:cong_02,IL,2.0,0.7171945157461531,0.11214528266032361,0.97275,model,unchanged,none
shrinkage=0.5,us_house,state:17|district:cong_03,IL,3.0,0.7157303106540875,0.11214528266032361,0.97225,model,unchanged,none
shrinkage=0.5,us_house,state:17|district:cong_04,IL,4.0,0.7369179682196362,0.11214528266032361,0.98275,model,unchanged,none
shrinkage=0.5,us_house,state:17|district:cong_05,IL,5.0,0.7248095145493251,0.11214528266032361,0.97535,model,unchanged,none
shrinkage=0.5,us_house,state:17|district:cong_06,IL,6.0,0.6451301010669872,0.11214528266032361,0.9034,model,unchanged,none
shrinkage=0.5,us_house,state:17|district:cong_07,IL,7.0,0.8021283341541678,0.11214528266032361,0.99645,model,unchanged,none
shrinkage=0.5,us_house,state:17|district:cong_08,IL,8.0,0.6604982832556436,0.11214528266032361,0.92375,model,unchanged,none
shrinkage=0.5,us_house,state:17|district:cong_09,IL,9.0,0.7216684687495267,0.11214528266032361,0.97595,model,unchanged,none
shrinkage=0.5,us_house,state:17|district:cong_10,IL,10.0,0.6762716114757,0.11214528266032361,0.94285,model,unchanged,none
shrinkage=0.5,us_house,state:17|district:cong_11,IL,11.0,0.6525943273111525,0.11214528266032361,0.9141,model,unchanged,none
shrinkage=0.5,us_house,state:17|district:cong_12,IL,12.0,0.33305388320628,0.11214528266032361,0.066,model,unchanged,none
shrinkage=0.5,us_house,state:17|district:cong_13,IL,13.0,0.6662029596812628,0.11214528266032361,0.9307,model,unchanged,none
shrinkage=0.5,us_house,state:17|district:cong_14,IL,14.0,0.6499641612732787,0.11214528266032361,0.9074,model,unchanged,none
shrinkage=0.5,us_house,state:17|district:cong_15,IL,15.0,0.19376716276542466,0.11214528266032361,0.00265,model,unchanged,none
shrinkage=0.5,us_house,state:17|district:cong_16,IL,16.0,0.19376716276542466,0.11214528266032361,0.0032,model,unchanged,none
shrinkage=0.5,us_house,state:17|district:cong_17,IL,17.0,0.6463081710735951,0.11214528266032361,0.90335,model,unchanged,none
shrinkage=0.5,us_house,state:18|district:cong_01,IN,1.0,0.6457144055791957,0.11214528266032361,0.9055,model,unchanged,none
shrinkage=0.5,us_house,state:18|district:cong_02,IN,2.0,0.38563922484298274,0.11214528266032361,0.14895,model,unchanged,none
shrinkage=0.5,us_house,state:18|district:cong_03,IN,3.0,0.36953627204760975,0.11214528266032361,0.11935,model,unchanged,none
shrinkage=0.5,us_house,state:18|district:cong_04,IN,4.0,0.3680931608689848,0.11214528266032361,0.1169,model,unchanged,none
shrinkage=0.5,us_house,state:18|district:cong_05,IN,5.0,0.41063176626683157,0.11214528266032361,0.2096,model,unchanged,none
shrinkage=0.5,us_house,state:18|district:cong_06,IN,6.0,0.3726730060266108,0.11214528266032361,0.12475,model,unchanged,none
shrinkage=0.5,us_house,state:18|district:cong_07,IN,7.0,0.7316699028673291,0.11214528266032361,0.97945,model,unchanged,none
shrinkage=0.5,us_house,state:18|district:cong_08,IN,8.0,0.3569418776666212,0.11214528266032361,0.09885,model,unchanged,none
shrinkage=0.5,us_house,state:18|district:cong_09,IN,9.0,0.37576848236436855,0.11214528266032361,0.12835,model,unchanged,none
shrinkage=0.5,us_house,state:20|district:cong_01,KS,1.0,0.3603408559570676,0.11214528266032361,0.105,model,unchanged,none
shrinkage=0.5,us_house,state:20|district:cong_02,KS,2.0,0.4101639215921257,0.11214528266032361,0.2099,model,unchanged,none
shrinkage=0.5,us_house,state:20|district:cong_03,KS,3.0,0.6526620839682864,0.11214528266032361,0.9137,model,unchanged,none
shrinkage=0.5,us_house,state:20|district:cong_04,KS,4.0,0.38240000326372187,0.11214528266032361,0.14325,model,unchanged,none
shrinkage=0.5,us_house,state:21|district:cong_01,KY,1.0,0.3302298862716096,0.11214528266032361,0.06735,model,unchanged,none
shrinkage=0.5,us_house,state:21|district:cong_02,KY,2.0,0.33894221161879506,0.11214528266032361,0.0762,model,unchanged,none
shrinkage=0.5,us_house,state:21|district:cong_03,KY,3.0,0.6869471756908279,0.11214528266032361,0.95275,model,unchanged,none
shrinkage=0.5,us_house,state:21|district:cong_04,KY,4.0,0.19376716276542466,0.11214528266032361,0.00335,model,unchanged,none
shrinkage=0.5,us_house,state:21|district:cong_05,KY,5.0,0.19376716276542466,0.11214528266032361,0.00295,model,unchanged,none
shrinkage=0.5,us_house,state:21|district:cong_06,KY,6.0,0.3932625937474538,0.11214528266032361,0.1739,model,unchanged,none
shrinkage=0.5,us_house,state:22|district:cong_01,LA,1.0,0.40545159435262185,0.1450431555000947,0.25725,fallback_state_lean,redrawn,active
shrinkage=0.5,us_house,state:22|district:cong_02,LA,2.0,0.5642430265519248,0.1450431555000947,0.67405,fallback_state_lean,redrawn,active
shrinkage=0.5,us_house,state:22|district:cong_03,LA,3.0,0.40545159435262185,0.1450431555000947,0.25615,fallback_state_lean,redrawn,active
shrinkage=0.5,us_house,state:22|district:cong_04,LA,4.0,0.40545159435262185,0.1450431555000947,0.2584,fallback_state_lean,redrawn,active
shrinkage=0.5,us_house,state:22|district:cong_05,LA,5.0,0.40545159435262185,0.1450431555000947,0.25425,fallback_state_lean,redrawn,active
shrinkage=0.5,us_house,state:22|district:cong_06,LA,6.0,0.5642430265519248,0.1450431555000947,0.66975,fallback_state_lean,redrawn,active
shrinkage=0.5,us_house,state:25|district:cong_01,MA,1.0,0.8922775699207349,0.11214528266032361,0.99975,model,unchanged,none
shrinkage=0.5,us_house,state:25|district:cong_02,MA,2.0,0.8922775699207349,0.11214528266032361,0.99975,model,unchanged,none
shrinkage=0.5,us_house,state:25|district:cong_03,MA,3.0,0.8922775699207349,0.11214528266032361,0.9997,model,unchanged,none
shrinkage=0.5,us_house,state:25|district:cong_04,MA,4.0,0.8922775699207349,0.11214528266032361,0.9997,model,unchanged,none
shrinkage=0.5,us_house,state:25|district:cong_05,MA,5.0,0.8922775699207349,0.11214528266032361,0.9998,model,unchanged,none
shrinkage=0.5,us_house,state:25|district:cong_06,MA,6.0,0.8922775699207349,0.11214528266032361,0.99965,model,unchanged,none
shrinkage=0.5,us_house,state:25|district:cong_07,MA,7.0,0.8922775699207349,0.11214528266032361,0.99985,model,unchanged,none
shrinkage=0.5,us_house,state:25|district:cong_08,MA,8.0,0.7334948221578644,0.11214528266032361,0.981,model,unchanged,none
shrinkage=0.5,us_house,state:25|district:cong_09,MA,9.0,0.6575973520334224,0.11214528266032361,0.9191,model,unchanged,none
shrinkage=0.5,us_house,state:24|district:cong_01,MD,1.0,0.40218929091469624,0.11214528266032361,0.191,model,unchanged,none
shrinkage=0.5,us_house,state:24|district:cong_02,MD,2.0,0.6739078895146047,0.11214528266032361,0.94135,model,unchanged,none
shrinkage=0.5,us_house,state:24|district:cong_03,MD,3.0,0.6819014540158013,0.11214528266032361,0.946,model,unchanged,none
shrinkage=0.5,us_house,state:24|district:cong_04,MD,4.0,0.831412538766096,0.11214528266032361,0.99835,model,unchanged,none
shrinkage=0.5,us_house,state:24|district:cong_05,MD,5.0,0.7191129286350177,0.11214528266032361,0.97535,model,unchanged,none
shrinkage=0.5,us_house,state:24|district:cong_06,MD,6.0,0.6395204872489682,0.11214528266032361,0.8941,model,unchanged,none
shrinkage=0.5,us_house,state:24|district:cong_07,MD,7.0,0.7971859179938358,0.11214528266032361,0.99605,model,unchanged,none
shrinkage=0.5,us_house,state:24|district:cong_08,MD,8.0,0.7787361467286797,0.11214528266032361,0.9931,model,unchanged,none
shrinkage=0.5,us_house,state:23|district:cong_01,ME,1.0,0.6923850324446926,0.11214528266032361,0.9566,model,unchanged,none
shrinkage=0.5,us_house,state:23|district:cong_02,ME,2.0,0.6242828608702828,0.11214528266032361,0.86235,model,unchanged,none
shrinkage=0.5,us_house,state:26|district:cong_01,MI,1.0,0.40459384960680694,0.11214528266032361,0.19265,model,unchanged,none
shrinkage=0.5,us_house,state:26|district:cong_02,MI,2.0,0.3704138612587046,0.11214528266032361,0.12145,model,unchanged,none
shrinkage=0.5,us_house,state:26|district:cong_03,MI,3.0,0.6498072432943144,0.11214528266032361,0.91095,model,unchanged,none
shrinkage=0.5,us_house,state:26|district:cong_04,MI,4.0,0.4315317018221663,0.11214528266032361,0.2725,model,unchanged,none
shrinkage=0.5,us_house,state:26|district:cong_05,MI,5.0,0.3733832278044277,0.11214528266032361,0.1295,model,unchanged,none
shrinkage=0.5,us_house,state:26|district:cong_06,MI,6.0,0.6975826194215076,0.11214528266032361,0.9588,model,unchanged,none
shrinkage=0.5,us_house,state:26|district:cong_07,MI,7.0,0.45326747595236966,0.11214528266032361,0.3331,model,unchanged,none
shrinkage=0.5,us_house,state:26|district:cong_08,MI,8.0,0.6411069234428071,0.11214528266032361,0.89595,model,unchanged,none
shrinkage=0.5,us_house,state:26|district:cong_09,MI,9.0,0.35917779518802917,0.11214528266032361,0.1048,model,unchanged,none
shrinkage=0.5,us_house,state:26|district:cong_10,MI,10.0,0.44641452627938366,0.11214528266032361,0.31205,model,unchanged,none
shrinkage=0.5,us_house,state:26|district:cong_11,MI,11.0,0.6737454047486395,0.11214528266032361,0.9399,model,unchanged,none
shrinkage=0.5,us_house,state:26|district:cong_12,MI,12.0,0.7479390589340441,0.11214528266032361,0.9864,model,unchanged,none
shrinkage=0.5,us_house,state:26|district:cong_13,MI,13.0,0.750161147616792,0.11214528266032361,0.98755,model,unchanged,none
shrinkage=0.5,us_house,state:27|district:cong_01,MN,1.0,0.4174556333587543,0.11214528266032361,0.2281,model,unchanged,none
shrinkage=0.5,us_house,state:27|district:cong_02,MN,2.0,0.6596008368591869,0.11214528266032361,0.92295,model,unchanged,none
shrinkage=0.5,us_house,state:27|district:cong_03,MN,3.0,0.6682770299173562,0.11214528266032361,0.93275,model,unchanged,none
shrinkage=0.5,us_house,state:27|district:cong_04,MN,4.0,0.7161478701361068,0.11214528266032361,0.97165,model,unchanged,none
shrinkage=0.5,us_house,state:27|district:cong_05,MN,5.0,0.7582907985124947,0.11214528266032361,0.99125,model,unchanged,none
shrinkage=0.5,us_house,state:27|district:cong_06,MN,6.0,0.39598254507942476,0.11214528266032361,0.17205,model,unchanged,none
shrinkage=0.5,us_house,state:27|district:cong_07,MN,7.0,0.35285459427629756,0.11214528266032361,0.0917,model,unchanged,none
shrinkage=0.5,us_house,state:27|district:cong_08,MN,8.0,0.4202066557884041,0.11214528266032361,0.2346,model,unchanged,none
shrinkage=0.5,us_house,state:29|district:cong_01,MO,1.0,0.7871276888336766,0.11214528266032361,0.99405,model,unchanged,active
shrinkage=0.5,us_house,state:29|district:cong_02,MO,2.0,0.43025110429271923,0.11214528266032361,0.26655,model,unchanged,active
shrinkage=0.5,us_house,state:29|district:cong_03,MO,3.0,0.3909660408897801,0.11214528266032361,0.16595,model,unchanged,active
shrinkage=0.5,us_house,state:29|district:cong_04,MO,4.0,0.33998401535664746,0.11214528266032361,0.0758,model,unchanged,active
shrinkage=0.5,us_house,state:29|district:cong_05,MO,5.0,0.6888137587719871,0.11214528266032361,0.95295,model,unchanged,active
shrinkage=0.5,us_house,state:29|district:cong_06,MO,6.0,0.3426195305433378,0.11214528266032361,0.07915,model,unchanged,active
shrinkage=0.5,us_house,state:29|district:cong_07,MO,7.0,0.33872011321187967,0.11214528266032361,0.0744,model,unchanged,active
shrinkage=0.5,us_house,state:29|district:cong_08,MO,8.0,0.3138843279150071,0.11214528266032361,0.0461,model,unchanged,active
shrinkage=0.5,us_house,state:28|district:cong_01,MS,1.0,0.35671279798307715,0.11214528266032361,0.1002,model,unchanged,none
shrinkage=0.5,us_house,state:28|district:cong_02,MS,2.0,0.6872663594058269,0.11214528266032361,0.95485,model,unchanged,none
shrinkage=0.5,us_house,state:28|district:cong_03,MS,3.0,0.19376716276542466,0.11214528266032361,0.0031,model,unchanged,none
shrinkage=0.5,us_house,state:28|district:cong_04,MS,4.0,0.33436471095390885,0.11214528266032361,0.0696,model,unchanged,none
shrinkage=0.5,us_house,state:30|district:cong_01,MT,1.0,0.44224436945648876,0.11214528266032361,0.2989,model,unchanged,none
shrinkage=0.5,us_house,state:30|district:cong_02,MT,2.0,0.3773258711435564,0.11214528266032361,0.1364,model,unchanged,none
shrinkage=0.5,us_house,state:37|district:cong_01,NC,1.0,0.6157763134659398,0.1450431555000947,0.7863,fallback_state_lean,redrawn,none
shrinkage=0.5,us_house,state:37|district:cong_02,NC,2.0,0.6157763134659398,0.1450431555000947,0.79015,fallback_state_lean,redrawn,none
shrinkage=0.5,us_house,state:37|district:cong_03,NC,3.0,0.4569848812666368,0.1450431555000947,0.37865,fallback_state_lean,redrawn,none
shrinkage=0.5,us_house,state:37|district:cong_04,NC,4.0,0.6157763134659398,0.1450431555000947,0.79065,fallback_state_lean,redrawn,none
shrinkage=0.5,us_house,state:37|district:cong_05,NC,5.0,0.4569848812666368,0.1450431555000947,0.3783,fallback_state_lean,redrawn,none
shrinkage=0.5,us_house,state:37|district:cong_06,NC,6.0,0.4569848812666368,0.1450431555000947,0.38165,fallback_state_lean,redrawn,none
shrinkage=0.5,us_house,state:37|district:cong_07,NC,7.0,0.4569848812666368,0.1450431555000947,0.38165,fallback_state_lean,redrawn,none
shrinkage=0.5,us_house,state:37|district:cong_08,NC,8.0,0.4569848812666368,0.1450431555000947,0.38325,fallback_state_lean,redrawn,none
shrinkage=0.5,us_house,state:37|district:cong_09,NC,9.0,0.4569848812666368,0.1450431555000947,0.37785,fallback_state_lean,redrawn,none
shrinkage=0.5,us_house,state:37|district:cong_10,NC,10.0,0.4569848812666368,0.1450431555000947,0.3801,fallback_state_lean,redrawn,none
shrinkage=0.5,us_house,state:37|district:cong_11,NC,11.0,0.4569848812666368,0.1450431555000947,0.3793,fallback_state_lean,redrawn,none
shrinkage=0.5,us_house,state:37|district:cong_12,NC,12.0,0.6157763134659398,0.1450431555000947,0.7858,fallback_state_lean,redrawn,none
shrinkage=0.5,us_house,state:37|district:cong_13,NC,13.0,0.4569848812666368,0.1450431555000947,0.37975,fallback_state_lean,redrawn,none
shrinkage=0.5,us_house,state:37|district:cong_14,NC,14.0,0.4569848812666368,0.1450431555000947,0.38415,fallback_state_lean,redrawn,none
shrinkage=0.5,us_house,state:38|district:cong_00,ND,0.0,0.35829068662994035,0.11214528266032361,0.0999,model,unchanged,none
shrinkage=0.5,us_house,state:31|district:cong_01,NE,1.0,0.4090929940849368,0.11214528266032361,0.20365,model,unchanged,none
shrinkage=0.5,us_house,state:31|district:cong_02,NE,2.0,0.4586260908951519,0.11214528266032361,0.35535,model,unchanged,none
shrinkage=0.5,us_house,state:31|district:cong_03,NE,3.0,0.29945309677501886,0.11214528266032361,0.036,model,unchanged,none
shrinkage=0.5,us_house,state:33|district:cong_01,NH,1.0,0.6441936088924858,0.11214528266032361,0.9018,model,unchanged,none
shrinkage=0.5,us_house,state:33|district:cong_02,NH,2.0,0.638517732828106,0.11214528266032361,0.8924,model,unchanged,none
shrinkage=0.5,us_house,state:34|district:cong_01,NJ,1.0,0.671636391901896,0.11214528266032361,0.93515,model,unchanged,none
shrinkage=0.5,us_house,state:34|district:cong_02,NJ,2.0,0.41768597957539744,0.11214528266032361,0.22825,model,unchanged,none
shrinkage=0.5,us_house,state:34|district:cong_03,NJ,3.0,0.6460851244522534,0.11214528266032361,0.902,model,unchanged,none
shrinkage=0.5,us_house,state:34|district:cong_04,NJ,4.0,0.3662801213174591,0.11214528266032361,0.1173,model,unchanged,none
shrinkage=0.5,us_house,state:34|district:cong_05,NJ,5.0,0.6535261040585189,0.11214528266032361,0.91355,model,unchanged,none
shrinkage=0.5,us_house,state:34|district:cong_06,NJ,6.0,0.6664333617312398,0.11214528266032361,0.9285,model,unchanged,none
shrinkage=0.5,us_house,state:34|district:cong_07,NJ,7.0,0.44877072469811335,0.11214528266032361,0.3185,model,unchanged,none
shrinkage=0.5,us_house,state:34|district:cong_08,NJ,8.0,0.6930049946376593,0.11214528266032361,0.957,model,unchanged,none
shrinkage=0.5,us_house,state:34|district:cong_09,NJ,9.0,0.6360765331558879,0.11214528266032361,0.88715,model,unchanged,none
shrinkage=0.5,us_house,state:34|district:cong_10,NJ,10.0,0.7680799984605189,0.11214528266032361,0.9919,model,unchanged,none
shrinkage=0.5,us_house,state:34|district:cong_11,NJ,11.0,0.6628664394408279,0.11214528266032361,0.9266,model,unchanged,none
shrinkage=0.5,us_house,state:34|district:cong_12,NJ,12.0,0.6908501656732888,0.11214528266032361,0.956,model,unchanged,none
shrinkage=0.5,us_house,state:35|district:cong_01,NM,1.0,0.6567909198392728,0.11214528266032361,0.91895,model,unchanged,none
shrinkage=0.5,us_house,state:35|district:cong_02,NM,2.0,0.6336387496541097,0.11214528266032361,0.88085,model,unchanged,none
shrinkage=0.5,us_house,state:35|district:cong_03,NM,3.0,0.6563410350008829,0.11214528266032361,0.9179,model,unchanged,none
shrinkage=0.5,us_house,state:32|district:cong_01,NV,1.0,0.6434110517047065,0.11214528266032361,0.89785,model,unchanged,none
shrinkage=0.5,us_house,state:32|district:cong_02,NV,2.0,0.19376716276542466,0.11214528266032361,0.0023,model,unchanged,none
shrinkage=0.5,us_house,state:32|district:cong_03,NV,3.0,0.629824239359778,0.11214528266032361,0.87265,model,unchanged,none
shrinkage=0.5,us_house,state:32|district:cong_04,NV,4.0,0.6448641100881058,0.11214528266032361,0.9018,model,unchanged,none
shrinkage=0.5,us_house,state:36|district:cong_01,NY,1.0,0.433900791798092,0.11214528266032361,0.27405,model,unchanged,none
shrinkage=0.5,us_house,state:36|district:cong_02,NY,2.0,0.4057376753837152,0.11214528266032361,0.19645,model,unchanged,none
shrinkage=0.5,us_house,state:36|district:cong_03,NY,3.0,0.4433096817361178,0.11214528266032361,0.30395,model,unchanged,none
shrinkage=0.5,us_house,state:36|district:cong_04,NY,4.0,0.45393431982460347,0.11214528266032361,0.33955,model,unchanged,none
shrinkage=0.5,us_house,state:36|district:cong_05,NY,5.0,0.758490038157651,0.11214528266032361,0.989,model,unchanged,none
shrinkage=0.5,us_house,state:36|district:cong_06,NY,6.0,0.6977321429181165,0.11214528266032361,0.9603,model,unchanged,none
shrinkage=0.5,us_house,state:36|district:cong_07,NY,7.0,0.7880407662007584,0.11214528266032361,0.99515,model,unchanged,none
shrinkage=0.5,us_house,state:36|district:cong_08,NY,8.0,0.7396673500568178,0.11214528266032361,0.98215,model,unchanged,none
shrinkage=0.5,us_house,state:36|district:cong_09,NY,9.0,0.8922775699207349,0.11214528266032361,0.9997,model,unchanged,none
shrinkage=0.5,us_house,state:36|district:cong_10,NY,10.0,0.8095779602694396,0.11214528266032361,0.99775,model,unchanged,none
shrinkage=0.5,us_house,state:36|district:cong_11,NY,11.0,0.4001239605204863,0.11214528266032361,0.18725,model,unchanged,none
shrinkage=0.5,us_house,state:36|district:cong_12,NY,12.0,0.7949923564012248,0.11214528266032361,0.9956,model,unchanged,none
shrinkage=0.5,us_house,state:36|district:cong_13,NY,13.0,0.8922775699207349,0.11214528266032361,0.99965,model,unchanged,none
shrinkage=0.5,us_house,state:36|district:cong_14,NY,14.0,0.7415980802433204,0.11214528266032361,0.9832,model,unchanged,none
shrinkage=0.5,us_house,state:36|district:cong_15,NY,15.0,0.7993964070365972,0.11214528266032361,0.99595,model,unchanged,none
shrinkage=0.5,us_house,state:36|district:cong_16,NY,16.0,0.6996007825315788,0.11214528266032361,0.964,model,unchanged,none
shrinkage=0.5,us_house,state:36|district:cong_17,NY,17.0,0.46190502844305686,0.11214528266032361,0.36225,model,unchanged,none
shrinkage=0.5,us_house,state:36|district:cong_18,NY,18.0,0.6260499391034069,0.11214528266032361,0.8725,model,unchanged,none
shrinkage=0.5,us_house,state:36|district:cong_19,NY,19.0,0.4594076465941546,0.11214528266032361,0.3554,model,unchanged,none
shrinkage=0.5,us_house,state:36|district:cong_20,NY,20.0,0.6497950781908114,0.11214528266032361,0.9116,model,unchanged,none
shrinkage=0.5,us_house,state:36|district:cong_21,NY,21.0,0.40995299304278165,0.11214528266032361,0.2064,model,unchanged,none
shrinkage=0.5,us_house,state:36|district:cong_22,NY,22.0,0.46098190523191945,0.11214528266032361,0.3582,model,unchanged,none
shrinkage=0.5,us_house,state:36|district:cong_23,NY,23.0,0.3830892206566195,0.11214528266032361,0.1465,model,unchanged,none
shrinkage=0.5,us_house,state:36|district:cong_24,NY,24.0,0.3788690992034447,0.11214528266032361,0.13895,model,unchanged,none
shrinkage=0.5,us_house,state:36|district:cong_25,NY,25.0,0.6432944885864097,0.11214528266032361,0.8988,model,unchanged,none
shrinkage=0.5,us_house,state:36|district:cong_26,NY,26.0,0.6978487073854048,0.11214528266032361,0.9598,model,unchanged,none
shrinkage=0.5,us_house,state:39|district:cong_01,OH,1.0,0.5940457453993225,0.1450431555000947,0.7408,fallback_state_lean,redrawn,none
shrinkage=0.5,us_house,state:39|district:cong_02,OH,2.0,0.43525431320001956,0.1450431555000947,0.32535,fallback_state_lean,redrawn,none
shrinkage=0.5,us_house,state:39|district:cong_03,OH,3.0,0.5940457453993225,0.1450431555000947,0.7449,fallback_state_lean,redrawn,none
shrinkage=0.5,us_house,state:39|district:cong_04,OH,4.0,0.43525431320001956,0.1450431555000947,0.32475,fallback_state_lean,redrawn,none
shrinkage=0.5,us_house,state:39|district:cong_05,OH,5.0,0.43525431320001956,0.1450431555000947,0.3281,fallback_state_lean,redrawn,none
shrinkage=0.5,us_house,state:39|district:cong_06,OH,6.0,0.43525431320001956,0.1450431555000947,0.32625,fallback_state_lean,redrawn,none
shrinkage=0.5,us_house,state:39|district:cong_07,OH,7.0,0.43525431320001956,0.1450431555000947,0.32645,fallback_state_lean,redrawn,none
shrinkage=0.5,us_house,state:39|district:cong_08,OH,8.0,0.43525431320001956,0.1450431555000947,0.3261,fallback_state_lean,redrawn,none
shrinkage=0.5,us_house,state:39|district:cong_09,OH,9.0,0.5940457453993225,0.1450431555000947,0.7417,fallback_state_lean,redrawn,none
shrinkage=0.5,us_house,state:39|district:cong_10,OH,10.0,0.43525431320001956,0.1450431555000947,0.3242,fallback_state_lean,redrawn,none
shrinkage=0.5,us_house,state:39|district:cong_11,OH,11.0,0.5940457453993225,0.1450431555000947,0.7465,fallback_state_lean,redrawn,none
shrinkage=0.5,us_house,state:39|district:cong_12,OH,12.0,0.43525431320001956,0.1450431555000947,0.33165,fallback_state_lean,redrawn,none
shrinkage=0.5,us_house,state:39|district:cong_13,OH,13.0,0.5940457453993225,0.1450431555000947,0.7409,fallback_state_lean,redrawn,none
shrinkage=0.5,us_house,state:39|district:cong_14,OH,14.0,0.43525431320001956,0.1450431555000947,0.3225,fallback_state_lean,redrawn,none
shrinkage=0.5,us_house,state:39|district:cong_15,OH,15.0,0.43525431320001956,0.1450431555000947,0.3224,fallback_state_lean,redrawn,none
shrinkage=0.5,us_house,state:40|district:cong_01,OK,1.0,0.3900274507485681,0.11214528266032361,0.16395,model,unchanged,none
shrinkage=0.5,us_house,state:40|district:cong_02,OK,2.0,0.314806743807327,0.11214528266032361,0.04855,model,unchanged,none
shrinkage=0.5,us_house,state:40|district:cong_03,OK,3.0,0.3311830217592903,0.11214528266032361,0.06455,model,unchanged,none
shrinkage=0.5,us_house,state:40|district:cong_04,OK,4.0,0.3569259284069687,0.11214528266032361,0.10135,model,unchanged,none
shrinkage=0.5,us_house,state:40|district:cong_05,OK,5.0,0.4059129250015358,0.11214528266032361,0.19955,model,unchanged,none
shrinkage=0.5,us_house,state:41|district:cong_01,OR,1.0,0.7354841222289121,0.11214528266032361,0.98135,model,unchanged,none
shrinkage=0.5,us_house,state:41|district:cong_02,OR,2.0,0.37688751828466943,0.11214528266032361,0.13515,model,unchanged,none
shrinkage=0.5,us_house,state:41|district:cong_03,OR,3.0,0.7457861661714406,0.11214528266032361,0.985,model,unchanged,none
shrinkage=0.5,us_house,state:41|district:cong_04,OR,4.0,0.644341018735701,0.11214528266032361,0.8994,model,unchanged,none
shrinkage=0.5,us_house,state:41|district:cong_05,OR,5.0,0.6303624914168608,0.11214528266032361,0.87885,model,unchanged,none
shrinkage=0.5,us_house,state:41|district:cong_06,OR,6.0,0.640941360498026,0.11214528266032361,0.89435,model,unchanged,none
shrinkage=0.5,us_house,state:42|district:cong_01,PA,1.0,0.4290679213191319,0.11214528266032361,0.263,model,unchanged,none
shrinkage=0.5,us_house,state:42|district:cong_02,PA,2.0,0.7382448178870509,0.11214528266032361,0.9832,model,unchanged,none
shrinkage=0.5,us_house,state:42|district:cong_03,PA,3.0,0.8922775699207349,0.11214528266032361,0.99975,model,unchanged,none
shrinkage=0.5,us_house,state:42|district:cong_04,PA,4.0,0.6713570435952316,0.11214528266032361,0.9353,model,unchanged,none
shrinkage=0.5,us_house,state:42|district:cong_05,PA,5.0,0.7049329988923927,0.11214528266032361,0.9652,model,unchanged,none
shrinkage=0.5,us_house,state:42|district:cong_06,PA,6.0,0.6558796213229067,0.11214528266032361,0.9186,model,unchanged,none
shrinkage=0.5,us_house,state:42|district:cong_07,PA,7.0,0.46090874499308826,0.11214528266032361,0.3635,model,unchanged,none
shrinkage=0.5,us_house,state:42|district:cong_08,PA,8.0,0.45924525467864735,0.11214528266032361,0.35735,model,unchanged,none
shrinkage=0.5,us_house,state:42|district:cong_09,PA,9.0,0.35293076863123407,0.11214528266032361,0.09025,model,unchanged,none
shrinkage=0.5,us_house,state:42|district:cong_10,PA,10.0,0.4602148636980144,0.11214528266032361,0.35655,model,unchanged,none
shrinkage=0.5,us_house,state:42|district:cong_11,PA,11.0,0.39401879643801124,0.11214528266032361,0.1716,model,unchanged,none
shrinkage=0.5,us_house,state:42|district:cong_12,PA,12.0,0.6570241637338168,0.11214528266032361,0.91925,model,unchanged,none
shrinkage=0.5,us_house,state:42|district:cong_13,PA,13.0,0.3330172965682507,0.11214528266032361,0.06665,model,unchanged,none
shrinkage=0.5,us_house,state:42|district:cong_14,PA,14.0,0.3741777708004422,0.11214528266032361,0.1268,model,unchanged,none
shrinkage=0.5,us_house,state:42|district:cong_15,PA,15.0,0.3477723404823273,0.11214528266032361,0.086,model,unchanged,none
shrinkage=0.5,us_house,state:42|district:cong_16,PA,16.0,0.38993999122506334,0.11214528266032361,0.1619,model,unchanged,none
shrinkage=0.5,us_house,state:42|district:cong_17,PA,17.0,0.6433356682098654,0.11214528266032361,0.898,model,unchanged,none
shrinkage=0.5,us_house,state:44|district:cong_01,RI,1.0,0.7105455845887508,0.11214528266032361,0.97155,model,unchanged,none
shrinkage=0.5,us_house,state:44|district:cong_02,RI,2.0,0.6676561514607128,0.11214528266032361,0.93025,model,unchanged,none
shrinkage=0.5,us_house,state:45|district:cong_01,SC,1.0,0.4187150980467938,0.11214528266032361,0.23185,model,unchanged,none
shrinkage=0.5,us_house,state:45|district:cong_02,SC,2.0,0.41145950501204515,0.11214528266032361,0.2122,model,unchanged,none
shrinkage=0.5,us_house,state:45|district:cong_03,SC,3.0,0.3346184899110087,0.11214528266032361,0.07065,model,unchanged,none
shrinkage=0.5,us_house,state:45|district:cong_04,SC,4.0,0.40100875980830153,0.11214528266032361,0.18505,model,unchanged,none
shrinkage=0.5,us_house,state:45|district:cong_05,SC,5.0,0.39017955667002857,0.11214528266032361,0.16355,model,unchanged,none
shrinkage=0.5,us_house,state:45|district:cong_06,SC,6.0,0.686300910954996,0.11214528266032361,0.95305,model,unchanged,none
shrinkage=0.5,us_house,state:45|district:cong_07,SC,7.0,0.38277854331703504,0.11214528266032361,0.14415,model,unchanged,none
shrinkage=0.5,us_house,state:46|district:cong_00,SD,0.0,0.34464843445580373,0.11214528266032361,0.07925,model,unchanged,none
shrinkage=0.5,us_house,state:47|district:cong_01,TN,1.0,0.3844994909979684,0.1450431555000947,0.21235,fallback_state_lean,redrawn,active
shrinkage=0.5,us_house,state:47|district:cong_02,TN,2.0,0.3844994909979684,0.1450431555000947,0.2156,fallback_state_lean,redrawn,active
shrinkage=0.5,us_house,state:47|district:cong_03,TN,3.0,0.3844994909979684,0.1450431555000947,0.2087,fallback_state_lean,redrawn,active
shrinkage=0.5,us_house,state:47|district:cong_04,TN,4.0,0.3844994909979684,0.1450431555000947,0.2106,fallback_state_lean,redrawn,active
shrinkage=0.5,us_house,state:47|district:cong_05,TN,5.0,0.3844994909979684,0.1450431555000947,0.21075,fallback_state_lean,redrawn,active
shrinkage=0.5,us_house,state:47|district:cong_06,TN,6.0,0.3844994909979684,0.1450431555000947,0.2107,fallback_state_lean,redrawn,active
shrinkage=0.5,us_house,state:47|district:cong_07,TN,7.0,0.3844994909979684,0.1450431555000947,0.2136,fallback_state_lean,redrawn,active
shrinkage=0.5,us_house,state:47|district:cong_08,TN,8.0,0.3844994909979684,0.1450431555000947,0.21015,fallback_state_lean,redrawn,active
shrinkage=0.5,us_house,state:47|district:cong_09,TN,9.0,0.5432909231972713,0.1450431555000947,0.61955,fallback_state_lean,redrawn,active
shrinkage=0.5,us_house,state:48|district:cong_01,TX,1.0,0.42833285350837463,0.1450431555000947,0.3083,fallback_state_lean,redrawn,none
shrinkage=0.5,us_house,state:48|district:cong_02,TX,2.0,0.42833285350837463,0.1450431555000947,0.3104,fallback_state_lean,redrawn,none
shrinkage=0.5,us_house,state:48|district:cong_03,TX,3.0,0.42833285350837463,0.1450431555000947,0.3091,fallback_state_lean,redrawn,none
shrinkage=0.5,us_house,state:48|district:cong_04,TX,4.0,0.42833285350837463,0.1450431555000947,0.31255,fallback_state_lean,redrawn,none
shrinkage=0.5,us_house,state:48|district:cong_05,TX,5.0,0.42833285350837463,0.1450431555000947,0.3073,fallback_state_lean,redrawn,none
shrinkage=0.5,us_house,state:48|district:cong_06,TX,6.0,0.42833285350837463,0.1450431555000947,0.308,fallback_state_lean,redrawn,none
shrinkage=0.5,us_house,state:48|district:cong_07,TX,7.0,0.5871242857076776,0.1450431555000947,0.7256,fallback_state_lean,redrawn,none
shrinkage=0.5,us_house,state:48|district:cong_08,TX,8.0,0.42833285350837463,0.1450431555000947,0.30795,fallback_state_lean,redrawn,none
shrinkage=0.5,us_house,state:48|district:cong_09,TX,9.0,0.5871242857076776,0.1450431555000947,0.72195,fallback_state_lean,redrawn,none
shrinkage=0.5,us_house,state:48|district:cong_10,TX,10.0,0.42833285350837463,0.1450431555000947,0.307,fallback_state_lean,redrawn,none
shrinkage=0.5,us_house,state:48|district:cong_11,TX,11.0,0.42833285350837463,0.1450431555000947,0.3101,fallback_state_lean,redrawn,none
shrinkage=0.5,us_house,state:48|district:cong_12,TX,12.0,0.42833285350837463,0.1450431555000947,0.30785,fallback_state_lean,redrawn,none
shrinkage=0.5,us_house,state:48|district:cong_13,TX,13.0,0.42833285350837463,0.1450431555000947,0.30905,fallback_state_lean,redrawn,none
shrinkage=0.5,us_house,state:48|district:cong_14,TX,14.0,0.42833285350837463,0.1450431555000947,0.30845,fallback_state_lean,redrawn,none
shrinkage=0.5,us_house,state:48|district:cong_15,TX,15.0,0.42833285350837463,0.1450431555000947,0.31245,fallback_state_lean,redrawn,none
shrinkage=0.5,us_house,state:48|district:cong_16,TX,16.0,0.5871242857076776,0.1450431555000947,0.72215,fallback_state_lean,redrawn,none
shrinkage=0.5,us_house,state:48|district:cong_17,TX,17.0,0.42833285350837463,0.1450431555000947,0.3063,fallback_state_lean,redrawn,none
shrinkage=0.5,us_house,state:48|district:cong_18,TX,18.0,0.5871242857076776,0.1450431555000947,0.7206,fallback_state_lean,redrawn,none
shrinkage=0.5,us_house,state:48|district:cong_19,TX,19.0,0.42833285350837463,0.1450431555000947,0.3106,fallback_state_lean,redrawn,none
shrinkage=0.5,us_house,state:48|district:cong_20,TX,20.0,0.5871242857076776,0.1450431555000947,0.7253,fallback_state_lean,redrawn,none
shrinkage=0.5,us_house,state:48|district:cong_21,TX,21.0,0.42833285350837463,0.1450431555000947,0.30955,fallback_state_lean,redrawn,none
shrinkage=0.5,us_house,state:48|district:cong_22,TX,22.0,0.42833285350837463,0.1450431555000947,0.3101,fallback_state_lean,redrawn,none
shrinkage=0.5,us_house,state:48|district:cong_23,TX,23.0,0.42833285350837463,0.1450431555000947,0.30795,fallback_state_lean,redrawn,none
shrinkage=0.5,us_house,state:48|district:cong_24,TX,24.0,0.42833285350837463,0.1450431555000947,0.30815,fallback_state_lean,redrawn,none
shrinkage=0.5,us_house,state:48|district:cong_25,TX,25.0,0.4283328535083747,0.1450431555000947,0.31025,fallback_state_lean,redrawn,none
shrinkage=0.5,us_house,state:48|district:cong_26,TX,26.0,0.4283328535083747,0.1450431555000947,0.3125,fallback_state_lean,redrawn,none
shrinkage=0.5,us_house,state:48|district:cong_27,TX,27.0,0.4283328535083747,0.1450431555000947,0.30935,fallback_state_lean,redrawn,none
shrinkage=0.5,us_house,state:48|district:cong_28,TX,28.0,0.5871242857076776,0.1450431555000947,0.72665,fallback_state_lean,redrawn,none
shrinkage=0.5,us_house,state:48|district:cong_29,TX,29.0,0.5871242857076776,0.1450431555000947,0.7231,fallback_state_lean,redrawn,none
shrinkage=0.5,us_house,state:48|district:cong_30,TX,30.0,0.5871242857076776,0.1450431555000947,0.7245,fallback_state_lean,redrawn,none
shrinkage=0.5,us_house,state:48|district:cong_31,TX,31.0,0.4283328535083747,0.1450431555000947,0.3099,fallback_state_lean,redrawn,none
shrinkage=0.5,us_house,state:48|district:cong_32,TX,32.0,0.5871242857076776,0.1450431555000947,0.72815,fallback_state_lean,redrawn,none
shrinkage=0.5,us_house,state:48|district:cong_33,TX,33.0,0.5871242857076776,0.1450431555000947,0.72495,fallback_state_lean,redrawn,none
shrinkage=0.5,us_house,state:48|district:cong_34,TX,34.0,0.5871242857076776,0.1450431555000947,0.72665,fallback_state_lean,redrawn,none
shrinkage=0.5,us_house,state:48|district:cong_35,TX,35.0,0.5871242857076776,0.1450431555000947,0.72595,fallback_state_lean,redrawn,none
shrinkage=0.5,us_house,state:48|district:cong_36,TX,36.0,0.4283328535083747,0.1450431555000947,0.30795,fallback_state_lean,redrawn,none
shrinkage=0.5,us_house,state:48|district:cong_37,TX,37.0,0.5871242857076776,0.1450431555000947,0.7281,fallback_state_lean,redrawn,none
shrinkage=0.5,us_house,state:48|district:cong_38,TX,38.0,0.4283328535083747,0.1450431555000947,0.3103,fallback_state_lean,redrawn,none
shrinkage=0.5,us_house,state:49|district:cong_01,UT,1.0,0.4058464570331417,0.1450431555000947,0.2543,fallback_state_lean,redrawn,none
shrinkage=0.5,us_house,state:49|district:cong_02,UT,2.0,0.4058464570331417,0.1450431555000947,0.25855,fallback_state_lean,redrawn,none
shrinkage=0.5,us_house,state:49|district:cong_03,UT,3.0,0.4058464570331417,0.1450431555000947,0.2542,fallback_state_lean,redrawn,none
shrinkage=0.5,us_house,state:49|district:cong_04,UT,4.0,0.4058464570331417,0.1450431555000947,0.25665,fallback_state_lean,redrawn,none
shrinkage=0.5,us_house,state:51|district:cong_01,VA,1.0,0.4290762008675555,0.11214528266032361,0.2662,model,unchanged,none
shrinkage=0.5,us_house,state:51|district:cong_02,VA,2.0,0.45300767122815744,0.11214528266032361,0.3365,model,unchanged,none
shrinkage=0.5,us_house,state:51|district:cong_03,VA,3.0,0.73090739913579,0.11214528266032361,0.98135,model,unchanged,none
shrinkage=0.5,us_house,state:51|district:cong_04,VA,4.0,0.7168158600808606,0.11214528266032361,0.97495,model,unchanged,none
shrinkage=0.5,us_house,state:51|district:cong_05,VA,5.0,0.4229822193411884,0.11214528266032361,0.24285,model,unchanged,none
shrinkage=0.5,us_house,state:51|district:cong_06,VA,6.0,0.38554145044051813,0.11214528266032361,0.156,model,unchanged,none
shrinkage=0.5,us_house,state:51|district:cong_07,VA,7.0,0.6295626498879694,0.11214528266032361,0.87425,model,unchanged,none
shrinkage=0.5,us_house,state:51|district:cong_08,VA,8.0,0.7539003065356824,0.11214528266032361,0.9889,model,unchanged,none
shrinkage=0.5,us_house,state:51|district:cong_09,VA,9.0,0.3415302603153159,0.11214528266032361,0.07935,model,unchanged,none
shrinkage=0.5,us_house,state:51|district:cong_10,VA,10.0,0.6347399303620087,0.11214528266032361,0.8887,model,unchanged,none
shrinkage=0.5,us_house,state:51|district:cong_11,VA,11.0,0.7141005584716417,0.11214528266032361,0.97175,model,unchanged,none
shrinkage=0.5,us_house,state:50|district:cong_00,VT,0.0,0.7176628532788066,0.11214528266032361,0.97415,model,unchanged,none
shrinkage=0.5,us_house,state:53|district:cong_01,WA,1.0,0.6934365006736187,0.11214528266032361,0.95735,model,unchanged,none
shrinkage=0.5,us_house,state:53|district:cong_02,WA,2.0,0.6981400583290629,0.11214528266032361,0.963,model,unchanged,none
shrinkage=0.5,us_house,state:53|district:cong_03,WA,3.0,0.6329217495188503,0.11214528266032361,0.8787,model,unchanged,none
shrinkage=0.5,us_house,state:53|district:cong_04,WA,4.0,0.19376716276542466,0.11214528266032361,0.0027,model,unchanged,none
shrinkage=0.5,us_house,state:53|district:cong_05,WA,5.0,0.4061129800530599,0.11214528266032361,0.20355,model,unchanged,none
shrinkage=0.5,us_house,state:53|district:cong_06,WA,6.0,0.6592026525993975,0.11214528266032361,0.92075,model,unchanged,none
shrinkage=0.5,us_house,state:53|district:cong_07,WA,7.0,0.8068781000885538,0.11214528266032361,0.9973,model,unchanged,none
shrinkage=0.5,us_house,state:53|district:cong_08,WA,8.0,0.6444678513445946,0.11214528266032361,0.89815,model,unchanged,none
shrinkage=0.5,us_house,state:53|district:cong_09,WA,9.0,0.8922775699207349,0.11214528266032361,0.99965,model,unchanged,none
shrinkage=0.5,us_house,state:53|district:cong_10,WA,10.0,0.6692360890484813,0.11214528266032361,0.93335,model,unchanged,none
shrinkage=0.5,us_house,state:55|district:cong_01,WI,1.0,0.4355040325850626,0.11214528266032361,0.2784,model,unchanged,none
shrinkage=0.5,us_house,state:55|district:cong_02,WI,2.0,0.7311244053699256,0.11214528266032361,0.98145,model,unchanged,none
shrinkage=0.5,us_house,state:55|district:cong_03,WI,3.0,0.4562695555723138,0.11214528266032361,0.34595,model,unchanged,none
shrinkage=0.5,us_house,state:55|district:cong_04,WI,4.0,0.7678042281857698,0.11214528266032361,0.9921,model,unchanged,none
shrinkage=0.5,us_house,state:55|district:cong_05,WI,5.0,0.38555406499160516,0.11214528266032361,0.147,model,unchanged,none
shrinkage=0.5,us_house,state:55|district:cong_06,WI,6.0,0.40265377685624115,0.11214528266032361,0.1907,model,unchanged,none
shrinkage=0.5,us_house,state:55|district:cong_07,WI,7.0,0.39019471605475214,0.11214528266032361,0.1616,model,unchanged,none
shrinkage=0.5,us_house,state:55|district:cong_08,WI,8.0,0.4240705985401449,0.11214528266032361,0.2441,model,unchanged,none
shrinkage=0.5,us_house,state:54|district:cong_01,WV,1.0,0.34632852159645416,0.11214528266032361,0.0845,model,unchanged,none
shrinkage=0.5,us_house,state:54|district:cong_02,WV,2.0,0.3515320472554217,0.11214528266032361,0.0943,model,unchanged,none
shrinkage=0.5,us_house,state:56|district:cong_00,WY,0.0,0.32740729614822833,0.11214528266032361,0.0598,model,unchanged,none
shrinkage=0.5,us_senate,state:02,AK,,0.44084630356627025,0.12833967999474297,0.3176,model,n/a,none
shrinkage=0.5,us_senate,state:01,AL,,0.3894241597900647,0.12833967999474297,0.19845,model,n/a,none
shrinkage=0.5,us_senate,state:05,AR,,0.38805166610420355,0.12833967999474297,0.19145,model,n/a,none
shrinkage=0.5,us_senate,state:08,CO,,0.7078196460135032,0.12833967999474297,0.94435,model,n/a,none
shrinkage=0.5,us_senate,state:10,DE,,0.7187854952322724,0.12833967999474297,0.95665,model,n/a,none
shrinkage=0.5,us_senate,state:13,GA,,0.6674258642109167,0.12833967999474297,0.90485,model,n/a,none
shrinkage=0.5,us_senate,state:19,IA,,0.4415868385399511,0.12833967999474297,0.3231,model,n/a,none
shrinkage=0.5,us_senate,state:16,ID,,0.3695572284258956,0.12833967999474297,0.15125,model,n/a,none
shrinkage=0.5,us_senate,state:17,IL,,0.707348291101011,0.12833967999474297,0.94915,model,n/a,none
shrinkage=0.5,us_senate,state:20,KS,,0.4327137389839855,0.12833967999474297,0.29735,model,n/a,none
shrinkage=0.5,us_senate,state:21,KY,,0.3889846203444895,0.12833967999474297,0.19075,model,n/a,none
shrinkage=0.5,us_senate,state:22,LA,,0.4149262702954934,0.12833967999474297,0.25355,model,n/a,none
shrinkage=0.5,us_senate,state:25,MA,,0.7515514190383111,0.12833967999474297,0.9731,model,n/a,none
shrinkage=0.5,us_senate,state:23,ME,,0.503019640349368,0.12833967999474297,0.5122,model,n/a,none
shrinkage=0.5,us_senate,state:26,MI,,0.6697183028760444,0.12833967999474297,0.90765,model,n/a,none
shrinkage=0.5,us_senate,state:27,MN,,0.6870280853484373,0.12833967999474297,0.92485,model,n/a,none
shrinkage=0.5,us_senate,state:28,MS,,0.4125687652591587,0.12833967999474297,0.24695,model,n/a,none
shrinkage=0.5,us_senate,state:30,MT,,0.4202483292103842,0.12833967999474297,0.26805,model,n/a,none
shrinkage=0.5,us_senate,state:37,NC,,0.4720573576625376,0.12833967999474297,0.41045,model,n/a,none
shrinkage=0.5,us_senate,state:31,NE,,0.419462742114078,0.12833967999474297,0.26425,model,n/a,none
shrinkage=0.5,us_senate,state:33,NH,,0.6824741062557761,0.12833967999474297,0.9233,model,n/a,none
shrinkage=0.5,us_senate,state:34,NJ,,0.6920671843911849,0.12833967999474297,0.93455,model,n/a,none
shrinkage=0.5,us_senate,state:35,NM,,0.6924084354153078,0.12833967999474297,0.92925,model,n/a,none
shrinkage=0.5,us_senate,state:40,OK,,0.37728114834913434,0.12833967999474297,0.1713,model,n/a,none
shrinkage=0.5,us_senate,state:41,OR,,0.718509193407678,0.12833967999474297,0.95485,model,n/a,none
shrinkage=0.5,us_senate,state:44,RI,,0.7164038839674841,0.12833967999474297,0.95415,model,n/a,none
shrinkage=0.5,us_senate,state:45,SC,,0.42759222302212,0.12833967999474297,0.28715,model,n/a,none
shrinkage=0.5,us_senate,state:46,SD,,0.3923890379697707,0.12833967999474297,0.2008,model,n/a,none
shrinkage=0.5,us_senate,state:47,TN,,0.3916982458678004,0.12833967999474297,0.1969,model,n/a,none
shrinkage=0.5,us_senate,state:48,TX,,0.44029300496693896,0.12833967999474297,0.3221,model,n/a,none
shrinkage=0.5,us_senate,state:51,VA,,0.6916589610734462,0.12833967999474297,0.9332,model,n/a,none
shrinkage=0.5,us_senate,state:54,WV,,0.354102122733374,0.12833967999474297,0.12845,model,n/a,none
shrinkage=0.5,us_senate,state:56,WY,,0.3413257575443575,0.12833967999474297,0.10445,model,n/a,none
shrinkage=0.75,us_house,state:02|district:cong_00,AK,0.0,0.48152019022313347,0.11214528266032361,0.4328,model,unchanged,none
shrinkage=0.75,us_house,state:01|district:cong_01,AL,1.0,0.4031660186903992,0.1450431555000947,0.25395,fallback_state_lean,redrawn,active
shrinkage=0.75,us_house,state:01|district:cong_02,AL,2.0,0.5619574508897022,0.1450431555000947,0.6692,fallback_state_lean,redrawn,active
shrinkage=0.75,us_house,state:01|district:cong_03,AL,3.0,0.4031660186903992,0.1450431555000947,0.24965,fallback_state_lean,redrawn,active
shrinkage=0.75,us_house,state:01|district:cong_04,AL,4.0,0.4031660186903992,0.1450431555000947,0.25355,fallback_state_lean,redrawn,active
shrinkage=0.75,us_house,state:01|district:cong_05,AL,5.0,0.4031660186903992,0.1450431555000947,0.2495,fallback_state_lean,redrawn,active
shrinkage=0.75,us_house,state:01|district:cong_06,AL,6.0,0.4031660186903992,0.1450431555000947,0.2501,fallback_state_lean,redrawn,active
shrinkage=0.75,us_house,state:01|district:cong_07,AL,7.0,0.5619574508897022,0.1450431555000947,0.66735,fallback_state_lean,redrawn,active
shrinkage=0.75,us_house,state:05|district:cong_01,AR,1.0,0.3481781339576711,0.11214528266032361,0.0869,model,unchanged,none
shrinkage=0.75,us_house,state:05|district:cong_02,AR,2.0,0.43612170742183726,0.11214528266032361,0.28475,model,unchanged,none
shrinkage=0.75,us_house,state:05|district:cong_03,AR,3.0,0.3938929896023991,0.11214528266032361,0.17035,model,unchanged,none
shrinkage=0.75,us_house,state:05|district:cong_04,AR,4.0,0.3606857658702069,0.11214528266032361,0.1037,model,unchanged,none
shrinkage=0.75,us_house,state:04|district:cong_01,AZ,1.0,0.47405199353407895,0.11214528266032361,0.4049,model,unchanged,none
shrinkage=0.75,us_house,state:04|district:cong_02,AZ,2.0,0.4601552479044437,0.11214528266032361,0.35955,model,unchanged,none
shrinkage=0.75,us_house,state:04|district:cong_03,AZ,3.0,0.7658909168362451,0.11214528266032361,0.99135,model,unchanged,none
shrinkage=0.75,us_house,state:04|district:cong_04,AZ,4.0,0.6631617385558052,0.11214528266032361,0.9258,model,unchanged,none
shrinkage=0.75,us_house,state:04|district:cong_05,AZ,5.0,0.42827746277330064,0.11214528266032361,0.2583,model,unchanged,none
shrinkage=0.75,us_house,state:04|district:cong_06,AZ,6.0,0.4773971859619342,0.11214528266032361,0.42365,model,unchanged,none
shrinkage=0.75,us_house,state:04|district:cong_07,AZ,7.0,0.7157231416194697,0.11214528266032361,0.9715,model,unchanged,none
shrinkage=0.75,us_house,state:04|district:cong_08,AZ,8.0,0.4492588244249988,0.11214528266032361,0.32745,model,unchanged,none
shrinkage=0.75,us_house,state:04|district:cong_09,AZ,9.0,0.4017796125309902,0.11214528266032361,0.18495,model,unchanged,none
shrinkage=0.75,us_house,state:06|district:cong_01,CA,1.0,0.5426334740067518,0.1450431555000947,0.6163,fallback_state_lean,redrawn,none
shrinkage=0.75,us_house,state:06|district:cong_02,CA,2.0,0.7014249062060547,0.1450431555000947,0.91645,fallback_state_lean,redrawn,none
shrinkage=0.75,us_house,state:06|district:cong_03,CA,3.0,0.5426334740067518,0.1450431555000947,0.6143,fallback_state_lean,redrawn,none
shrinkage=0.75,us_house,state:06|district:cong_04,CA,4.0,0.7014249062060547,0.1450431555000947,0.9139,fallback_state_lean,redrawn,none
shrinkage=0.75,us_house,state:06|district:cong_05,CA,5.0,0.5426334740067518,0.1450431555000947,0.618,fallback_state_lean,redrawn,none
shrinkage=0.75,us_house,state:06|district:cong_06,CA,6.0,0.7014249062060547,0.1450431555000947,0.914,fallback_state_lean,redrawn,none
shrinkage=0.75,us_house,state:06|district:cong_07,CA,7.0,0.7014249062060547,0.1450431555000947,0.917,fallback_state_lean,redrawn,none
shrinkage=0.75,us_house,state:06|district:cong_08,CA,8.0,0.7014249062060547,0.1450431555000947,0.91885,fallback_state_lean,redrawn,none
shrinkage=0.75,us_house,state:06|district:cong_09,CA,9.0,0.7014249062060547,0.1450431555000947,0.9144,fallback_state_lean,redrawn,none
shrinkage=0.75,us_house,state:06|district:cong_10,CA,10.0,0.7014249062060547,0.1450431555000947,0.91825,fallback_state_lean,redrawn,none
shrinkage=0.75,us_house,state:06|district:cong_11,CA,11.0,0.7014249062060547,0.1450431555000947,0.9159,fallback_state_lean,redrawn,none
shrinkage=0.75,us_house,state:06|district:cong_12,CA,12.0,0.7014249062060547,0.1450431555000947,0.91695,fallback_state_lean,redrawn,none
shrinkage=0.75,us_house,state:06|district:cong_13,CA,13.0,0.7014249062060547,0.1450431555000947,0.9134,fallback_state_lean,redrawn,none
shrinkage=0.75,us_house,state:06|district:cong_14,CA,14.0,0.7014249062060547,0.1450431555000947,0.9176,fallback_state_lean,redrawn,none
shrinkage=0.75,us_house,state:06|district:cong_15,CA,15.0,0.7014249062060547,0.1450431555000947,0.91425,fallback_state_lean,redrawn,none
shrinkage=0.75,us_house,state:06|district:cong_16,CA,16.0,0.7014249062060547,0.1450431555000947,0.91555,fallback_state_lean,redrawn,none
shrinkage=0.75,us_house,state:06|district:cong_17,CA,17.0,0.7014249062060547,0.1450431555000947,0.91675,fallback_state_lean,redrawn,none
shrinkage=0.75,us_house,state:06|district:cong_18,CA,18.0,0.7014249062060547,0.1450431555000947,0.9145,fallback_state_lean,redrawn,none
shrinkage=0.75,us_house,state:06|district:cong_19,CA,19.0,0.7014249062060547,0.1450431555000947,0.915,fallback_state_lean,redrawn,none
shrinkage=0.75,us_house,state:06|district:cong_20,CA,20.0,0.5426334740067518,0.1450431555000947,0.61165,fallback_state_lean,redrawn,none
shrinkage=0.75,us_house,state:06|district:cong_21,CA,21.0,0.7014249062060547,0.1450431555000947,0.91645,fallback_state_lean,redrawn,none
shrinkage=0.75,us_house,state:06|district:cong_22,CA,22.0,0.5426334740067518,0.1450431555000947,0.61235,fallback_state_lean,redrawn,none
shrinkage=0.75,us_house,state:06|district:cong_23,CA,23.0,0.5426334740067518,0.1450431555000947,0.61395,fallback_state_lean,redrawn,none
shrinkage=0.75,us_house,state:06|district:cong_24,CA,24.0,0.7014249062060547,0.1450431555000947,0.9136,fallback_state_lean,redrawn,none
shrinkage=0.75,us_house,state:06|district:cong_25,CA,25.0,0.7014249062060547,0.1450431555000947,0.91625,fallback_state_lean,redrawn,none
shrinkage=0.75,us_house,state:06|district:cong_26,CA,26.0,0.7014249062060547,0.1450431555000947,0.91525,fallback_state_lean,redrawn,none
shrinkage=0.75,us_house,state:06|district:cong_27,CA,27.0,0.7014249062060547,0.1450431555000947,0.91605,fallback_state_lean,redrawn,none
shrinkage=0.75,us_house,state:06|district:cong_28,CA,28.0,0.7014249062060547,0.1450431555000947,0.91575,fallback_state_lean,redrawn,none
shrinkage=0.75,us_house,state:06|district:cong_29,CA,29.0,0.7014249062060547,0.1450431555000947,0.91515,fallback_state_lean,redrawn,none
shrinkage=0.75,us_house,state:06|district:cong_30,CA,30.0,0.7014249062060547,0.1450431555000947,0.91405,fallback_state_lean,redrawn,none
shrinkage=0.75,us_house,state:06|district:cong_31,CA,31.0,0.7014249062060547,0.1450431555000947,0.91905,fallback_state_lean,redrawn,none
shrinkage=0.75,us_house,state:06|district:cong_32,CA,32.0,0.7014249062060547,0.1450431555000947,0.91535,fallback_state_lean,redrawn,none
shrinkage=0.75,us_house,state:06|district:cong_33,CA,33.0,0.7014249062060547,0.1450431555000947,0.91755,fallback_state_lean,redrawn,none
shrinkage=0.75,us_house,state:06|district:cong_34,CA,34.0,0.7014249062060547,0.1450431555000947,0.91815,fallback_state_lean,redrawn,none
shrinkage=0.75,us_house,state:06|district:cong_35,CA,35.0,0.7014249062060547,0.1450431555000947,0.91665,fallback_state_lean,redrawn,none
shrinkage=0.75,us_house,state:06|district:cong_36,CA,36.0,0.7014249062060547,0.1450431555000947,0.919,fallback_state_lean,redrawn,none
shrinkage=0.75,us_house,state:06|district:cong_37,CA,37.0,0.7014249062060547,0.1450431555000947,0.91825,fallback_state_lean,redrawn,none
shrinkage=0.75,us_house,state:06|district:cong_38,CA,38.0,0.7014249062060547,0.1450431555000947,0.9181,fallback_state_lean,redrawn,none
shrinkage=0.75,us_house,state:06|district:cong_39,CA,39.0,0.7014249062060547,0.1450431555000947,0.91745,fallback_state_lean,redrawn,none
shrinkage=0.75,us_house,state:06|district:cong_40,CA,40.0,0.5426334740067518,0.1450431555000947,0.6135,fallback_state_lean,redrawn,none
shrinkage=0.75,us_house,state:06|district:cong_41,CA,41.0,0.5426334740067518,0.1450431555000947,0.6129,fallback_state_lean,redrawn,none
shrinkage=0.75,us_house,state:06|district:cong_42,CA,42.0,0.7014249062060547,0.1450431555000947,0.91745,fallback_state_lean,redrawn,none
shrinkage=0.75,us_house,state:06|district:cong_43,CA,43.0,0.7014249062060547,0.1450431555000947,0.9181,fallback_state_lean,redrawn,none
shrinkage=0.75,us_house,state:06|district:cong_44,CA,44.0,0.7014249062060547,0.1450431555000947,0.91665,fallback_state_lean,redrawn,none
shrinkage=0.75,us_house,state:06|district:cong_45,CA,45.0,0.7014249062060547,0.1450431555000947,0.91635,fallback_state_lean,redrawn,none
shrinkage=0.75,us_house,state:06|district:cong_46,CA,46.0,0.7014249062060547,0.1450431555000947,0.9178,fallback_state_lean,redrawn,none
shrinkage=0.75,us_house,state:06|district:cong_47,CA,47.0,0.7014249062060547,0.1450431555000947,0.9146,fallback_state_lean,redrawn,none
shrinkage=0.75,us_house,state:06|district:cong_48,CA,48.0,0.5426334740067518,0.1450431555000947,0.61355,fallback_state_lean,redrawn,none
shrinkage=0.75,us_house,state:06|district:cong_49,CA,49.0,0.7014249062060547,0.1450431555000947,0.91755,fallback_state_lean,redrawn,none
shrinkage=0.75,us_house,state:06|district:cong_50,CA,50.0,0.7014249062060547,0.1450431555000947,0.9174,fallback_state_lean,redrawn,none
shrinkage=0.75,us_house,state:06|district:cong_51,CA,51.0,0.7014249062060547,0.1450431555000947,0.9135,fallback_state_lean,redrawn,none
shrinkage=0.75,us_house,state:06|district:cong_52,CA,52.0,0.7014249062060547,0.1450431555000947,0.91685,fallback_state_lean,redrawn,none
shrinkage=0.75,us_house,state:08|district:cong_01,CO,1.0,0.7943307453529759,0.11214528266032361,0.99585,model,unchanged,none
shrinkage=0.75,us_house,state:08|district:cong_02,CO,2.0,0.7524835668496785,0.11214528266032361,0.9876,model,unchanged,none
shrinkage=0.75,us_house,state:08|district:cong_03,CO,3.0,0.4704305552992785,0.11214528266032361,0.39755,model,unchanged,none
shrinkage=0.75,us_house,state:08|district:cong_04,CO,4.0,0.451615805554991,0.11214528266032361,0.3295,model,unchanged,none
shrinkage=0.75,us_house,state:08|district:cong_05,CO,5.0,0.44537313268912065,0.11214528266032361,0.3076,model,unchanged,none
shrinkage=0.75,us_house,state:08|district:cong_06,CO,6.0,0.6999606166547772,0.11214528266032361,0.9631,model,unchanged,none
shrinkage=0.75,us_house,state:08|district:cong_07,CO,7.0,0.6828076733687383,0.11214528266032361,0.94595,model,unchanged,none
shrinkage=0.75,us_house,state:08|district:cong_08,CO,8.0,0.4823058757178523,0.11214528266032361,0.4317,model,unchanged,none
shrinkage=0.75,us_house,state:09|district:cong_01,CT,1.0,0.714490751376171,0.11214528266032361,0.97265,model,unchanged,none
shrinkage=0.75,us_house,state:09|district:cong_02,CT,2.0,0.6863977892967227,0.11214528266032361,0.9485,model,unchanged,none
shrinkage=0.75,us_house,state:09|district:cong_03,CT,3.0,0.696135284263485,0.11214528266032361,0.9594,model,unchanged,none
shrinkage=0.75,us_house,state:09|district:cong_04,CT,4.0,0.7081839029819803,0.11214528266032361,0.96835,model,unchanged,none
shrinkage=0.75,us_house,state:09|district:cong_05,CT,5.0,0.6546982923177554,0.11214528266032361,0.91215,model,unchanged,none
shrinkage=0.75,us_house,state:10|district:cong_00,DE,0.0,0.6855724693577668,0.11214528266032361,0.9519,model,unchanged,none
shrinkage=0.75,us_house,state:12|district:cong_01,FL,1.0,0.4508207349442039,0.1450431555000947,0.367,fallback_state_lean,redrawn,none
shrinkage=0.75,us_house,state:12|district:cong_02,FL,2.0,0.4508207349442039,0.1450431555000947,0.364,fallback_state_lean,redrawn,none
shrinkage=0.75,us_house,state:12|district:cong_03,FL,3.0,0.4508207349442039,0.1450431555000947,0.3694,fallback_state_lean,redrawn,none
shrinkage=0.75,us_house,state:12|district:cong_04,FL,4.0,0.4508207349442039,0.1450431555000947,0.3685,fallback_state_lean,redrawn,none
shrinkage=0.75,us_house,state:12|district:cong_05,FL,5.0,0.4508207349442039,0.1450431555000947,0.36525,fallback_state_lean,redrawn,none
shrinkage=0.75,us_house,state:12|district:cong_06,FL,6.0,0.4508207349442039,0.1450431555000947,0.3665,fallback_state_lean,redrawn,none
shrinkage=0.75,us_house,state:12|district:cong_07,FL,7.0,0.4508207349442039,0.1450431555000947,0.36675,fallback_state_lean,redrawn,none
shrinkage=0.75,us_house,state:12|district:cong_08,FL,8.0,0.4508207349442039,0.1450431555000947,0.368,fallback_state_lean,redrawn,none
shrinkage=0.75,us_house,state:12|district:cong_09,FL,9.0,0.6096121671435069,0.1450431555000947,0.7765,fallback_state_lean,redrawn,none
shrinkage=0.75,us_house,state:12|district:cong_10,FL,10.0,0.6096121671435069,0.1450431555000947,0.7756,fallback_state_lean,redrawn,none
shrinkage=0.75,us_house,state:12|district:cong_11,FL,11.0,0.4508207349442039,0.1450431555000947,0.36305,fallback_state_lean,redrawn,none
shrinkage=0.75,us_house,state:12|district:cong_12,FL,12.0,0.4508207349442039,0.1450431555000947,0.36535,fallback_state_lean,redrawn,none
shrinkage=0.75,us_house,state:12|district:cong_13,FL,13.0,0.4508207349442039,0.1450431555000947,0.36885,fallback_state_lean,redrawn,none
shrinkage=0.75,us_house,state:12|district:cong_14,FL,14.0,0.6096121671435069,0.1450431555000947,0.776,fallback_state_lean,redrawn,none
shrinkage=0.75,us_house,state:12|district:cong_15,FL,15.0,0.4508207349442039,0.1450431555000947,0.36205,fallback_state_lean,redrawn,none
shrinkage=0.75,us_house,state:12|district:cong_16,FL,16.0,0.4508207349442039,0.1450431555000947,0.36615,fallback_state_lean,redrawn,none
shrinkage=0.75,us_house,state:12|district:cong_17,FL,17.0,0.4508207349442039,0.1450431555000947,0.36735,fallback_state_lean,redrawn,none
shrinkage=0.75,us_house,state:12|district:cong_18,FL,18.0,0.4508207349442039,0.1450431555000947,0.3649,fallback_state_lean,redrawn,none
shrinkage=0.75,us_house,state:12|district:cong_19,FL,19.0,0.4508207349442039,0.1450431555000947,0.36785,fallback_state_lean,redrawn,none
shrinkage=0.75,us_house,state:12|district:cong_20,FL,20.0,0.6096121671435069,0.1450431555000947,0.77435,fallback_state_lean,redrawn,none
shrinkage=0.75,us_house,state:12|district:cong_21,FL,21.0,0.4508207349442039,0.1450431555000947,0.36345,fallback_state_lean,redrawn,none
shrinkage=0.75,us_house,state:12|district:cong_22,FL,22.0,0.6096121671435069,0.1450431555000947,0.7727,fallback_state_lean,redrawn,none
shrinkage=0.75,us_house,state:12|district:cong_23,FL,23.0,0.6096121671435069,0.1450431555000947,0.7778,fallback_state_lean,redrawn,none
shrinkage=0.75,us_house,state:12|district:cong_24,FL,24.0,0.6096121671435069,0.1450431555000947,0.77495,fallback_state_lean,redrawn,none
shrinkage=0.75,us_house,state:12|district:cong_25,FL,25.0,0.6096121671435069,0.1450431555000947,0.77715,fallback_state_lean,redrawn,none
shrinkage=0.75,us_house,state:12|district:cong_26,FL,26.0,0.4508207349442039,0.1450431555000947,0.36205,fallback_state_lean,redrawn,none
shrinkage=0.75,us_house,state:12|district:cong_27,FL,27.0,0.4508207349442039,0.1450431555000947,0.3647,fallback_state_lean,redrawn,none
shrinkage=0.75,us_house,state:12|district:cong_28,FL,28.0,0.4508207349442039,0.1450431555000947,0.3695,fallback_state_lean,redrawn,none
shrinkage=0.75,us_house,state:13|district:cong_01,GA,1.0,0.4196621009493078,0.11214528266032361,0.2335,model,unchanged,none
shrinkage=0.75,us_house,state:13|district:cong_02,GA,2.0,0.6772935025999528,0.11214528266032361,0.94395,model,unchanged,none
shrinkage=0.75,us_house,state:13|district:cong_03,GA,3.0,0.396340702986145,0.11214528266032361,0.1791,model,unchanged,none
shrinkage=0.75,us_house,state:13|district:cong_04,GA,4.0,0.7812133487694503,0.11214528266032361,0.99445,model,unchanged,none
shrinkage=0.75,us_house,state:13|district:cong_05,GA,5.0,0.8357006214592034,0.11214528266032361,0.9984,model,unchanged,none
shrinkage=0.75,us_house,state:13|district:cong_06,GA,6.0,0.7763559736819144,0.11214528266032361,0.9931,model,unchanged,none
shrinkage=0.75,us_house,state:13|district:cong_07,GA,7.0,0.40418620237513175,0.11214528266032361,0.19285,model,unchanged,none
shrinkage=0.75,us_house,state:13|district:cong_08,GA,8.0,0.38224745451977643,0.11214528266032361,0.146,model,unchanged,none
shrinkage=0.75,us_house,state:13|district:cong_09,GA,9.0,0.3817717894291519,0.11214528266032361,0.1427,model,unchanged,none
shrinkage=0.75,us_house,state:13|district:cong_10,GA,10.0,0.4139010840850458,0.11214528266032361,0.22175,model,unchanged,none
shrinkage=0.75,us_house,state:13|district:cong_11,GA,11.0,0.3909265491417419,0.11214528266032361,0.16275,model,unchanged,none
shrinkage=0.75,us_house,state:13|district:cong_12,GA,12.0,0.42864963992817057,0.11214528266032361,0.25885,model,unchanged,none
shrinkage=0.75,us_house,state:13|district:cong_13,GA,13.0,0.7609790678432916,0.11214528266032361,0.99015,model,unchanged,none
shrinkage=0.75,us_house,state:13|district:cong_14,GA,14.0,0.40679333374271887,0.11214528266032361,0.1998,model,unchanged,none
shrinkage=0.75,us_house,state:15|district:cong_01,HI,1.0,0.7610189440264246,0.11214528266032361,0.98915,model,unchanged,none
shrinkage=0.75,us_house,state:15|district:cong_02,HI,2.0,0.7444830625029035,0.11214528266032361,0.9854,model,unchanged,none
shrinkage=0.75,us_house,state:19|district:cong_01,IA,1.0,0.4838225086670957,0.11214528266032361,0.4429,model,unchanged,none
shrinkage=0.75,us_house,state:19|district:cong_02,IA,2.0,0.4417646511235595,0.11214528266032361,0.299,model,unchanged,none
shrinkage=0.75,us_house,state:19|district:cong_03,IA,3.0,0.47399861236962554,0.11214528266032361,0.40385,model,unchanged,none
shrinkage=0.75,us_house,state:19|district:cong_04,IA,4.0,0.39141196752344803,0.11214528266032361,0.16245,model,unchanged,none
shrinkage=0.75,us_house,state:16|district:cong_01,ID,1.0,0.3568914123989296,0.11214528266032361,0.09835,model,unchanged,none
shrinkage=0.75,us_house,state:16|district:cong_02,ID,2.0,0.3955093991871008,0.11214528266032361,0.17495,model,unchanged,none
shrinkage=0.75,us_house,state:17|district:cong_01,IL,1.0,0.7286945916282634,0.11214528266032361,0.9797,model,unchanged,none
shrinkage=0.75,us_house,state:17|district:cong_02,IL,2.0,0.7379123107207594,0.11214528266032361,0.98315,model,unchanged,none
shrinkage=0.75,us_house,state:17|district:cong_03,IL,3.0,0.7364481056286939,0.11214528266032361,0.982,model,unchanged,none
shrinkage=0.75,us_house,state:17|district:cong_04,IL,4.0,0.7576357631942424,0.11214528266032361,0.9895,model,unchanged,none
shrinkage=0.75,us_house,state:17|district:cong_05,IL,5.0,0.7455273095239313,0.11214528266032361,0.98535,model,unchanged,none
shrinkage=0.75,us_house,state:17|district:cong_06,IL,6.0,0.6658478960415934,0.11214528266032361,0.9292,model,unchanged,none
shrinkage=0.75,us_house,state:17|district:cong_07,IL,7.0,0.8228461291287742,0.11214528266032361,0.99795,model,unchanged,none
shrinkage=0.75,us_house,state:17|district:cong_08,IL,8.0,0.68121607823025,0.11214528266032361,0.9463,model,unchanged,none
shrinkage=0.75,us_house,state:17|district:cong_09,IL,9.0,0.7423862637241331,0.11214528266032361,0.9831,model,unchanged,none
shrinkage=0.75,us_house,state:17|district:cong_10,IL,10.0,0.6969894064503064,0.11214528266032361,0.9611,model,unchanged,none
shrinkage=0.75,us_house,state:17|district:cong_11,IL,11.0,0.6733121222857589,0.11214528266032361,0.93905,model,unchanged,none
shrinkage=0.75,us_house,state:17|district:cong_12,IL,12.0,0.3537716781808863,0.11214528266032361,0.09485,model,unchanged,none
shrinkage=0.75,us_house,state:17|district:cong_13,IL,13.0,0.6869207546558691,0.11214528266032361,0.95125,model,unchanged,none
shrinkage=0.75,us_house,state:17|district:cong_14,IL,14.0,0.670681956247885,0.11214528266032361,0.93525,model,unchanged,none
shrinkage=0.75,us_house,state:17|district:cong_15,IL,15.0,0.21448495774003096,0.11214528266032361,0.00455,model,unchanged,none
shrinkage=0.75,us_house,state:17|district:cong_16,IL,16.0,0.21448495774003096,0.11214528266032361,0.005,model,unchanged,none
shrinkage=0.75,us_house,state:17|district:cong_17,IL,17.0,0.6670259660482013,0.11214528266032361,0.9324,model,unchanged,none
shrinkage=0.75,us_house,state:18|district:cong_01,IN,1.0,0.6664322005538019,0.11214528266032361,0.9326,model,unchanged,none
shrinkage=0.75,us_house,state:18|district:cong_02,IN,2.0,0.40635701981758904,0.11214528266032361,0.1989,model,unchanged,none
shrinkage=0.75,us_house,state:18|district:cong_03,IN,3.0,0.39025406702221604,0.11214528266032361,0.1581,model,unchanged,none
shrinkage=0.75,us_house,state:18|district:cong_04,IN,4.0,0.3888109558435911,0.11214528266032361,0.15875,model,unchanged,none
shrinkage=0.75,us_house,state:18|district:cong_05,IN,5.0,0.4313495612414378,0.11214528266032361,0.2684,model,unchanged,none
shrinkage=0.75,us_house,state:18|district:cong_06,IN,6.0,0.39339080100121704,0.11214528266032361,0.16995,model,unchanged,none
shrinkage=0.75,us_house,state:18|district:cong_07,IN,7.0,0.7523876978419355,0.11214528266032361,0.98745,model,unchanged,none
shrinkage=0.75,us_house,state:18|district:cong_08,IN,8.0,0.3776596726412275,0.11214528266032361,0.1354,model,unchanged,none
shrinkage=0.75,us_house,state:18|district:cong_09,IN,9.0,0.39648627733897485,0.11214528266032361,0.17175,model,unchanged,none
shrinkage=0.75,us_house,state:20|district:cong_01,KS,1.0,0.3810586509316739,0.11214528266032361,0.1413,model,unchanged,none
shrinkage=0.75,us_house,state:20|district:cong_02,KS,2.0,0.4308817165667321,0.11214528266032361,0.2688,model,unchanged,none
shrinkage=0.75,us_house,state:20|district:cong_03,KS,3.0,0.6733798789428926,0.11214528266032361,0.9384,model,unchanged,none
shrinkage=0.75,us_house,state:20|district:cong_04,KS,4.0,0.40311779823832816,0.11214528266032361,0.18925,model,unchanged,none
shrinkage=0.75,us_house,state:21|district:cong_01,KY,1.0,0.3509476812462159,0.11214528266032361,0.096,model,unchanged,none
shrinkage=0.75,us_house,state:21|district:cong_02,KY,2.0,0.3596600065934013,0.11214528266032361,0.10505,model,unchanged,none
shrinkage=0.75,us_house,state:21|district:cong_03,KY,3.0,0.7076649706654342,0.11214528266032361,0.96785,model,unchanged,none
shrinkage=0.75,us_house,state:21|district:cong_04,KY,4.0,0.21448495774003096,0.11214528266032361,0.0053,model,unchanged,none
shrinkage=0.75,us_house,state:21|district:cong_05,KY,5.0,0.21448495774003096,0.11214528266032361,0.0049,model,unchanged,none
shrinkage=0.75,us_house,state:21|district:cong_06,KY,6.0,0.41398038872206006,0.11214528266032361,0.2238,model,unchanged,none
shrinkage=0.75,us_house,state:22|district:cong_01,LA,1.0,0.42616938932722814,0.1450431555000947,0.3049,fallback_state_lean,redrawn,active
shrinkage=0.75,us_house,state:22|district:cong_02,LA,2.0,0.5849608215265311,0.1450431555000947,0.72345,fallback_state_lean,redrawn,active
shrinkage=0.75,us_house,state:22|district:cong_03,LA,3.0,0.42616938932722814,0.1450431555000947,0.30495,fallback_state_lean,redrawn,active
shrinkage=0.75,us_house,state:22|district:cong_04,LA,4.0,0.42616938932722814,0.1450431555000947,0.3071,fallback_state_lean,redrawn,active
shrinkage=0.75,us_house,state:22|district:cong_05,LA,5.0,0.42616938932722814,0.1450431555000947,0.3033,fallback_state_lean,redrawn,active
shrinkage=0.75,us_house,state:22|district:cong_06,LA,6.0,0.5849608215265311,0.1450431555000947,0.7186,fallback_state_lean,redrawn,active
shrinkage=0.75,us_house,state:25|district:cong_01,MA,1.0,0.9129953648953413,0.11214528266032361,0.9998,model,unchanged,none
shrinkage=0.75,us_house,state:25|district:cong_02,MA,2.0,0.9129953648953413,0.11214528266032361,0.99995,model,unchanged,none
shrinkage=0.75,us_house,state:25|district:cong_03,MA,3.0,0.9129953648953413,0.11214528266032361,0.99985,model,unchanged,none
shrinkage=0.75,us_house,state:25|district:cong_04,MA,4.0,0.9129953648953413,0.11214528266032361,0.9998,model,unchanged,none
shrinkage=0.75,us_house,state:25|district:cong_05,MA,5.0,0.9129953648953413,0.11214528266032361,0.9999,model,unchanged,none
shrinkage=0.75,us_house,state:25|district:cong_06,MA,6.0,0.9129953648953413,0.11214528266032361,0.9998,model,unchanged,none
shrinkage=0.75,us_house,state:25|district:cong_07,MA,7.0,0.9129953648953413,0.11214528266032361,0.9999,model,unchanged,none
shrinkage=0.75,us_house,state:25|district:cong_08,MA,8.0,0.7542126171324707,0.11214528266032361,0.98855,model,unchanged,none
shrinkage=0.75,us_house,state:25|district:cong_09,MA,9.0,0.6783151470080286,0.11214528266032361,0.94345,model,unchanged,none
shrinkage=0.75,us_house,state:24|district:cong_01,MD,1.0,0.4229070858893025,0.11214528266032361,0.2458,model,unchanged,none
shrinkage=0.75,us_house,state:24|district:cong_02,MD,2.0,0.6946256844892109,0.11214528266032361,0.95955,model,unchanged,none
shrinkage=0.75,us_house,state:24|district:cong_03,MD,3.0,0.7026192489904075,0.11214528266032361,0.96395,model,unchanged,none
shrinkage=0.75,us_house,state:24|district:cong_04,MD,4.0,0.8521303337407024,0.11214528266032361,0.9992,model,unchanged,none
shrinkage=0.75,us_house,state:24|district:cong_05,MD,5.0,0.7398307236096241,0.11214528266032361,0.98525,model,unchanged,none
shrinkage=0.75,us_house,state:24|district:cong_06,MD,6.0,0.6602382822235744,0.11214528266032361,0.92505,model,unchanged,none
shrinkage=0.75,us_house,state:24|district:cong_07,MD,7.0,0.8179037129684421,0.11214528266032361,0.99765,model,unchanged,none
shrinkage=0.75,us_house,state:24|district:cong_08,MD,8.0,0.7994539417032861,0.11214528266032361,0.99605,model,unchanged,none
shrinkage=0.75,us_house,state:23|district:cong_01,ME,1.0,0.713102827419299,0.11214528266032361,0.9712,model,unchanged,none
shrinkage=0.75,us_house,state:23|district:cong_02,ME,2.0,0.6450006558448892,0.11214528266032361,0.8975,model,unchanged,none
shrinkage=0.75,us_house,state:26|district:cong_01,MI,1.0,0.42531164458141324,0.11214528266032361,0.24715,model,unchanged,none
shrinkage=0.75,us_house,state:26|district:cong_02,MI,2.0,0.3911316562333109,0.11214528266032361,0.16345,model,unchanged,none
shrinkage=0.75,us_house,state:26|district:cong_03,MI,3.0,0.6705250382689206,0.11214528266032361,0.9378,model,unchanged,none
shrinkage=0.75,us_house,state:26|district:cong_04,MI,4.0,0.4522494967967727,0.11214528266032361,0.33705,model,unchanged,none
shrinkage=0.75,us_house,state:26|district:cong_05,MI,5.0,0.3941010227790339,0.11214528266032361,0.16835,model,unchanged,none
shrinkage=0.75,us_house,state:26|district:cong_06,MI,6.0,0.7183004143961138,0.11214528266032361,0.97325,model,unchanged,none
shrinkage=0.75,us_house,state:26|district:cong_07,MI,7.0,0.473985270926976,0.11214528266032361,0.40665,model,unchanged,none
shrinkage=0.75,us_house,state:26|district:cong_08,MI,8.0,0.6618247184174133,0.11214528266032361,0.92555,model,unchanged,none
shrinkage=0.75,us_house,state:26|district:cong_09,MI,9.0,0.37989559016263547,0.11214528266032361,0.1412,model,unchanged,none
shrinkage=0.75,us_house,state:26|district:cong_10,MI,10.0,0.4671323212539899,0.11214528266032361,0.3824,model,unchanged,none
shrinkage=0.75,us_house,state:26|district:cong_11,MI,11.0,0.6944631997232458,0.11214528266032361,0.95915,model,unchanged,none
shrinkage=0.75,us_house,state:26|district:cong_12,MI,12.0,0.7686568539086505,0.11214528266032361,0.9912,model,unchanged,none
shrinkage=0.75,us_house,state:26|district:cong_13,MI,13.0,0.7708789425913982,0.11214528266032361,0.99315,model,unchanged,none
shrinkage=0.75,us_house,state:27|district:cong_01,MN,1.0,0.43817342833336065,0.11214528266032361,0.29005,model,unchanged,none
shrinkage=0.75,us_house,state:27|district:cong_02,MN,2.0,0.6803186318337932,0.11214528266032361,0.94595,model,unchanged,none
shrinkage=0.75,us_house,state:27|district:cong_03,MN,3.0,0.6889948248919624,0.11214528266032361,0.9551,model,unchanged,none
shrinkage=0.75,us_house,state:27|district:cong_04,MN,4.0,0.7368656651107132,0.11214528266032361,0.9823,model,unchanged,none
shrinkage=0.75,us_house,state:27|district:cong_05,MN,5.0,0.779008593487101,0.11214528266032361,0.99395,model,unchanged,none
shrinkage=0.75,us_house,state:27|district:cong_06,MN,6.0,0.416700340054031,0.11214528266032361,0.2246,model,unchanged,none
shrinkage=0.75,us_house,state:27|district:cong_07,MN,7.0,0.37357238925090386,0.11214528266032361,0.1291,model,unchanged,none
shrinkage=0.75,us_house,state:27|district:cong_08,MN,8.0,0.4409244507630104,0.11214528266032361,0.298,model,unchanged,none
shrinkage=0.75,us_house,state:29|district:cong_01,MO,1.0,0.8078454838082828,0.11214528266032361,0.9964,model,unchanged,active
shrinkage=0.75,us_house,state:29|district:cong_02,MO,2.0,0.4509688992673255,0.11214528266032361,0.3292,model,unchanged,active
shrinkage=0.75,us_house,state:29|district:cong_03,MO,3.0,0.4116838358643864,0.11214528266032361,0.2166,model,unchanged,active
shrinkage=0.75,us_house,state:29|district:cong_04,MO,4.0,0.3607018103312537,0.11214528266032361,0.10415,model,unchanged,active
shrinkage=0.75,us_house,state:29|district:cong_05,MO,5.0,0.7095315537465935,0.11214528266032361,0.96925,model,unchanged,active
shrinkage=0.75,us_house,state:29|district:cong_06,MO,6.0,0.36333732551794407,0.11214528266032361,0.10835,model,unchanged,active
shrinkage=0.75,us_house,state:29|district:cong_07,MO,7.0,0.3594379081864859,0.11214528266032361,0.1047,model,unchanged,active
shrinkage=0.75,us_house,state:29|district:cong_08,MO,8.0,0.3346021228896134,0.11214528266032361,0.06775,model,unchanged,active
shrinkage=0.75,us_house,state:28|district:cong_01,MS,1.0,0.37743059295768344,0.11214528266032361,0.1355,model,unchanged,none
shrinkage=0.75,us_house,state:28|district:cong_02,MS,2.0,0.7079841543804333,0.11214528266032361,0.9698,model,unchanged,none
shrinkage=0.75,us_house,state:28|district:cong_03,MS,3.0,0.21448495774003096,0.11214528266032361,0.0053,model,unchanged,none
shrinkage=0.75,us_house,state:28|district:cong_04,MS,4.0,0.35508250592851515,0.11214528266032361,0.0975,model,unchanged,none
shrinkage=0.75,us_house,state:30|district:cong_01,MT,1.0,0.462962164431095,0.11214528266032361,0.3673,model,unchanged,none
shrinkage=0.75,us_house,state:30|district:cong_02,MT,2.0,0.3980436661181627,0.11214528266032361,0.17995,model,unchanged,none
shrinkage=0.75,us_house,state:37|district:cong_01,NC,1.0,0.6364941084405461,0.1450431555000947,0.82675,fallback_state_lean,redrawn,none
shrinkage=0.75,us_house,state:37|district:cong_02,NC,2.0,0.6364941084405461,0.1450431555000947,0.82805,fallback_state_lean,redrawn,none
shrinkage=0.75,us_house,state:37|district:cong_03,NC,3.0,0.47770267624124313,0.1450431555000947,0.4358,fallback_state_lean,redrawn,none
shrinkage=0.75,us_house,state:37|district:cong_04,NC,4.0,0.6364941084405461,0.1450431555000947,0.82895,fallback_state_lean,redrawn,none
shrinkage=0.75,us_house,state:37|district:cong_05,NC,5.0,0.47770267624124313,0.1450431555000947,0.4339,fallback_state_lean,redrawn,none
shrinkage=0.75,us_house,state:37|district:cong_06,NC,6.0,0.47770267624124313,0.1450431555000947,0.4371,fallback_state_lean,redrawn,none
shrinkage=0.75,us_house,state:37|district:cong_07,NC,7.0,0.47770267624124313,0.1450431555000947,0.4379,fallback_state_lean,redrawn,none
shrinkage=0.75,us_house,state:37|district:cong_08,NC,8.0,0.47770267624124313,0.1450431555000947,0.4372,fallback_state_lean,redrawn,none
shrinkage=0.75,us_house,state:37|district:cong_09,NC,9.0,0.47770267624124313,0.1450431555000947,0.43495,fallback_state_lean,redrawn,none
shrinkage=0.75,us_house,state:37|district:cong_10,NC,10.0,0.47770267624124313,0.1450431555000947,0.4371,fallback_state_lean,redrawn,none
shrinkage=0.75,us_house,state:37|district:cong_11,NC,11.0,0.47770267624124313,0.1450431555000947,0.4349,fallback_state_lean,redrawn,none
shrinkage=0.75,us_house,state:37|district:cong_12,NC,12.0,0.6364941084405461,0.1450431555000947,0.8254,fallback_state_lean,redrawn,none
shrinkage=0.75,us_house,state:37|district:cong_13,NC,13.0,0.47770267624124313,0.1450431555000947,0.4352,fallback_state_lean,redrawn,none
shrinkage=0.75,us_house,state:37|district:cong_14,NC,14.0,0.47770267624124313,0.1450431555000947,0.4383,fallback_state_lean,redrawn,none
shrinkage=0.75,us_house,state:38|district:cong_00,ND,0.0,0.37900848160454664,0.11214528266032361,0.13725,model,unchanged,none
shrinkage=0.75,us_house,state:31|district:cong_01,NE,1.0,0.4298107890595431,0.11214528266032361,0.26045,model,unchanged,none
shrinkage=0.75,us_house,state:31|district:cong_02,NE,2.0,0.4793438858697581,0.11214528266032361,0.4245,model,unchanged,none
shrinkage=0.75,us_house,state:31|district:cong_03,NE,3.0,0.32017089174962515,0.11214528266032361,0.0526,model,unchanged,none
shrinkage=0.75,us_house,state:33|district:cong_01,NH,1.0,0.664911403867092,0.11214528266032361,0.9293,model,unchanged,none
shrinkage=0.75,us_house,state:33|district:cong_02,NH,2.0,0.6592355278027123,0.11214528266032361,0.9226,model,unchanged,none
shrinkage=0.75,us_house,state:34|district:cong_01,NJ,1.0,0.6923541868765022,0.11214528266032361,0.956,model,unchanged,none
shrinkage=0.75,us_house,state:34|district:cong_02,NJ,2.0,0.43840377455000373,0.11214528266032361,0.28685,model,unchanged,none
shrinkage=0.75,us_house,state:34|district:cong_03,NJ,3.0,0.6668029194268597,0.11214528266032361,0.93015,model,unchanged,none
shrinkage=0.75,us_house,state:34|district:cong_04,NJ,4.0,0.38699791629206537,0.11214528266032361,0.1543,model,unchanged,none
shrinkage=0.75,us_house,state:34|district:cong_05,NJ,5.0,0.6742438990331252,0.11214528266032361,0.93885,model,unchanged,none
shrinkage=0.75,us_house,state:34|district:cong_06,NJ,6.0,0.687151156705846,0.11214528266032361,0.9515,model,unchanged,none
shrinkage=0.75,us_house,state:34|district:cong_07,NJ,7.0,0.4694885196727197,0.11214528266032361,0.38865,model,unchanged,none
shrinkage=0.75,us_house,state:34|district:cong_08,NJ,8.0,0.7137227896122655,0.11214528266032361,0.97115,model,unchanged,none
shrinkage=0.75,us_house,state:34|district:cong_09,NJ,9.0,0.6567943281304942,0.11214528266032361,0.91855,model,unchanged,none
shrinkage=0.75,us_house,state:34|district:cong_10,NJ,10.0,0.7887977934351251,0.11214528266032361,0.99535,model,unchanged,none
shrinkage=0.75,us_house,state:34|district:cong_11,NJ,11.0,0.6835842344154343,0.11214528266032361,0.94805,model,unchanged,none
shrinkage=0.75,us_house,state:34|district:cong_12,NJ,12.0,0.7115679606478951,0.11214528266032361,0.97125,model,unchanged,none
shrinkage=0.75,us_house,state:35|district:cong_01,NM,1.0,0.6775087148138791,0.11214528266032361,0.94315,model,unchanged,none
shrinkage=0.75,us_house,state:35|district:cong_02,NM,2.0,0.6543565446287161,0.11214528266032361,0.9149,model,unchanged,none
shrinkage=0.75,us_house,state:35|district:cong_03,NM,3.0,0.6770588299754892,0.11214528266032361,0.94225,model,unchanged,none
shrinkage=0.75,us_house,state:32|district:cong_01,NV,1.0,0.6641288466793127,0.11214528266032361,0.92565,model,unchanged,none
shrinkage=0.75,us_house,state:32|district:cong_02,NV,2.0,0.21448495774003096,0.11214528266032361,0.00465,model,unchanged,none
shrinkage=0.75,us_house,state:32|district:cong_03,NV,3.0,0.6505420343343843,0.11214528266032361,0.9084,model,unchanged,none
shrinkage=0.75,us_house,state:32|district:cong_04,NV,4.0,0.6655819050627121,0.11214528266032361,0.9299,model,unchanged,none
shrinkage=0.75,us_house,state:36|district:cong_01,NY,1.0,0.45461858677269823,0.11214528266032361,0.33845,model,unchanged,none
shrinkage=0.75,us_house,state:36|district:cong_02,NY,2.0,0.4264554703583215,0.11214528266032361,0.2513,model,unchanged,none
shrinkage=0.75,us_house,state:36|district:cong_03,NY,3.0,0.46402747671072403,0.11214528266032361,0.372,model,unchanged,none
shrinkage=0.75,us_house,state:36|district:cong_04,NY,4.0,0.4746521147992098,0.11214528266032361,0.4091,model,unchanged,none
shrinkage=0.75,us_house,state:36|district:cong_05,NY,5.0,0.7792078331322573,0.11214528266032361,0.9937,model,unchanged,none
shrinkage=0.75,us_house,state:36|district:cong_06,NY,6.0,0.7184499378927228,0.11214528266032361,0.97425,model,unchanged,none
shrinkage=0.75,us_house,state:36|district:cong_07,NY,7.0,0.8087585611753646,0.11214528266032361,0.99735,model,unchanged,none
shrinkage=0.75,us_house,state:36|district:cong_08,NY,8.0,0.7603851450314241,0.11214528266032361,0.9892,model,unchanged,none
shrinkage=0.75,us_house,state:36|district:cong_09,NY,9.0,0.9129953648953413,0.11214528266032361,0.99975,model,unchanged,none
shrinkage=0.75,us_house,state:36|district:cong_10,NY,10.0,0.8302957552440459,0.11214528266032361,0.9986,model,unchanged,none
shrinkage=0.75,us_house,state:36|district:cong_11,NY,11.0,0.42084175549509256,0.11214528266032361,0.23935,model,unchanged,none
shrinkage=0.75,us_house,state:36|district:cong_12,NY,12.0,0.8157101513758311,0.11214528266032361,0.99735,model,unchanged,none
shrinkage=0.75,us_house,state:36|district:cong_13,NY,13.0,0.9129953648953413,0.11214528266032361,0.99985,model,unchanged,none
shrinkage=0.75,us_house,state:36|district:cong_14,NY,14.0,0.7623158752179268,0.11214528266032361,0.9891,model,unchanged,none
shrinkage=0.75,us_house,state:36|district:cong_15,NY,15.0,0.8201142020112034,0.11214528266032361,0.9978,model,unchanged,none
shrinkage=0.75,us_house,state:36|district:cong_16,NY,16.0,0.7203185775061851,0.11214528266032361,0.9758,model,unchanged,none
shrinkage=0.75,us_house,state:36|district:cong_17,NY,17.0,0.4826228234176632,0.11214528266032361,0.43615,model,unchanged,none
shrinkage=0.75,us_house,state:36|district:cong_18,NY,18.0,0.6467677340780131,0.11214528266032361,0.90555,model,unchanged,none
shrinkage=0.75,us_house,state:36|district:cong_19,NY,19.0,0.48012544156876097,0.11214528266032361,0.4267,model,unchanged,none
shrinkage=0.75,us_house,state:36|district:cong_20,NY,20.0,0.6705128731654176,0.11214528266032361,0.9369,model,unchanged,none
shrinkage=0.75,us_house,state:36|district:cong_21,NY,21.0,0.43067078801738795,0.11214528266032361,0.26335,model,unchanged,none
shrinkage=0.75,us_house,state:36|district:cong_22,NY,22.0,0.4816997002065258,0.11214528266032361,0.42985,model,unchanged,none
shrinkage=0.75,us_house,state:36|district:cong_23,NY,23.0,0.4038070156312258,0.11214528266032361,0.1928,model,unchanged,none
shrinkage=0.75,us_house,state:36|district:cong_24,NY,24.0,0.399586894178051,0.11214528266032361,0.18505,model,unchanged,none
shrinkage=0.75,us_house,state:36|district:cong_25,NY,25.0,0.664012283561016,0.11214528266032361,0.92705,model,unchanged,none
shrinkage=0.75,us_house,state:36|district:cong_26,NY,26.0,0.7185665023600111,0.11214528266032361,0.9734,model,unchanged,none
shrinkage=0.75,us_house,state:39|district:cong_01,OH,1.0,0.6147635403739289,0.1450431555000947,0.7858,fallback_state_lean,redrawn,none
shrinkage=0.75,us_house,state:39|district:cong_02,OH,2.0,0.4559721081746259,0.1450431555000947,0.37735,fallback_state_lean,redrawn,none
shrinkage=0.75,us_house,state:39|district:cong_03,OH,3.0,0.6147635403739289,0.1450431555000947,0.78705,fallback_state_lean,redrawn,none
shrinkage=0.75,us_house,state:39|district:cong_04,OH,4.0,0.4559721081746259,0.1450431555000947,0.3776,fallback_state_lean,redrawn,none
shrinkage=0.75,us_house,state:39|district:cong_05,OH,5.0,0.4559721081746259,0.1450431555000947,0.3796,fallback_state_lean,redrawn,none
shrinkage=0.75,us_house,state:39|district:cong_06,OH,6.0,0.4559721081746259,0.1450431555000947,0.3794,fallback_state_lean,redrawn,none
shrinkage=0.75,us_house,state:39|district:cong_07,OH,7.0,0.4559721081746259,0.1450431555000947,0.3789,fallback_state_lean,redrawn,none
shrinkage=0.75,us_house,state:39|district:cong_08,OH,8.0,0.4559721081746259,0.1450431555000947,0.37725,fallback_state_lean,redrawn,none
shrinkage=0.75,us_house,state:39|district:cong_09,OH,9.0,0.6147635403739289,0.1450431555000947,0.7832,fallback_state_lean,redrawn,none
shrinkage=0.75,us_house,state:39|district:cong_10,OH,10.0,0.4559721081746259,0.1450431555000947,0.3789,fallback_state_lean,redrawn,none
shrinkage=0.75,us_house,state:39|district:cong_11,OH,11.0,0.6147635403739289,0.1450431555000947,0.7882,fallback_state_lean,redrawn,none
shrinkage=0.75,us_house,state:39|district:cong_12,OH,12.0,0.4559721081746259,0.1450431555000947,0.38475,fallback_state_lean,redrawn,none
shrinkage=0.75,us_house,state:39|district:cong_13,OH,13.0,0.6147635403739289,0.1450431555000947,0.7862,fallback_state_lean,redrawn,none
shrinkage=0.75,us_house,state:39|district:cong_14,OH,14.0,0.4559721081746259,0.1450431555000947,0.3775,fallback_state_lean,redrawn,none
shrinkage=0.75,us_house,state:39|district:cong_15,OH,15.0,0.4559721081746259,0.1450431555000947,0.37575,fallback_state_lean,redrawn,none
shrinkage=0.75,us_house,state:40|district:cong_01,OK,1.0,0.4107452457231744,0.11214528266032361,0.21365,model,unchanged,none
shrinkage=0.75,us_house,state:40|district:cong_02,OK,2.0,0.3355245387819333,0.11214528266032361,0.06985,model,unchanged,none
shrinkage=0.75,us_house,state:40|district:cong_03,OK,3.0,0.3519008167338966,0.11214528266032361,0.09215,model,unchanged,none
shrinkage=0.75,us_house,state:40|district:cong_04,OK,4.0,0.377643723381575,0.11214528266032361,0.1362,model,unchanged,none
shrinkage=0.75,us_house,state:40|district:cong_05,OK,5.0,0.42663071997614205,0.11214528266032361,0.2561,model,unchanged,none
shrinkage=0.75,us_house,state:41|district:cong_01,OR,1.0,0.7562019172035185,0.11214528266032361,0.9889,model,unchanged,none
shrinkage=0.75,us_house,state:41|district:cong_02,OR,2.0,0.3976053132592757,0.11214528266032361,0.17765,model,unchanged,none
shrinkage=0.75,us_house,state:41|district:cong_03,OR,3.0,0.7665039611460469,0.11214528266032361,0.99105,model,unchanged,none
shrinkage=0.75,us_house,state:41|district:cong_04,OR,4.0,0.6650588137103074,0.11214528266032361,0.9273,model,unchanged,none
shrinkage=0.75,us_house,state:41|district:cong_05,OR,5.0,0.6510802863914671,0.11214528266032361,0.91075,model,unchanged,none
shrinkage=0.75,us_house,state:41|district:cong_06,OR,6.0,0.6616591554726322,0.11214528266032361,0.9234,model,unchanged,none
shrinkage=0.75,us_house,state:42|district:cong_01,PA,1.0,0.44978571629373815,0.11214528266032361,0.32615,model,unchanged,none
shrinkage=0.75,us_house,state:42|district:cong_02,PA,2.0,0.7589626128616571,0.11214528266032361,0.98925,model,unchanged,none
shrinkage=0.75,us_house,state:42|district:cong_03,PA,3.0,0.9129953648953413,0.11214528266032361,0.9999,model,unchanged,none
shrinkage=0.75,us_house,state:42|district:cong_04,PA,4.0,0.692074838569838,0.11214528266032361,0.95455,model,unchanged,none
shrinkage=0.75,us_house,state:42|district:cong_05,PA,5.0,0.7256507938669989,0.11214528266032361,0.97855,model,unchanged,none
shrinkage=0.75,us_house,state:42|district:cong_06,PA,6.0,0.676597416297513,0.11214528266032361,0.94235,model,unchanged,none
shrinkage=0.75,us_house,state:42|district:cong_07,PA,7.0,0.4816265399676945,0.11214528266032361,0.43585,model,unchanged,none
shrinkage=0.75,us_house,state:42|district:cong_08,PA,8.0,0.4799630496532536,0.11214528266032361,0.43045,model,unchanged,none
shrinkage=0.75,us_house,state:42|district:cong_09,PA,9.0,0.37364856360584037,0.11214528266032361,0.1231,model,unchanged,none
shrinkage=0.75,us_house,state:42|district:cong_10,PA,10.0,0.48093265867262075,0.11214528266032361,0.4292,model,unchanged,none
shrinkage=0.75,us_house,state:42|district:cong_11,PA,11.0,0.4147365914126175,0.11214528266032361,0.2227,model,unchanged,none
shrinkage=0.75,us_house,state:42|district:cong_12,PA,12.0,0.677741958708423,0.11214528266032361,0.9423,model,unchanged,none
shrinkage=0.75,us_house,state:42|district:cong_13,PA,13.0,0.3537350915428569,0.11214528266032361,0.0962,model,unchanged,none
shrinkage=0.75,us_house,state:42|district:cong_14,PA,14.0,0.3948955657750484,0.11214528266032361,0.1688,model,unchanged,none
shrinkage=0.75,us_house,state:42|district:cong_15,PA,15.0,0.36849013545693354,0.11214528266032361,0.12055,model,unchanged,none
shrinkage=0.75,us_house,state:42|district:cong_16,PA,16.0,0.41065778619966964,0.11214528266032361,0.2098,model,unchanged,none
shrinkage=0.75,us_house,state:42|district:cong_17,PA,17.0,0.6640534631844717,0.11214528266032361,0.92765,model,unchanged,none
shrinkage=0.75,us_house,state:44|district:cong_01,RI,1.0,0.7312633795633572,0.11214528266032361,0.9808,model,unchanged,none
shrinkage=0.75,us_house,state:44|district:cong_02,RI,2.0,0.688373946435319,0.11214528266032361,0.9517,model,unchanged,none
shrinkage=0.75,us_house,state:45|district:cong_01,SC,1.0,0.43943289302140004,0.11214528266032361,0.2924,model,unchanged,none
shrinkage=0.75,us_house,state:45|district:cong_02,SC,2.0,0.4321772999866514,0.11214528266032361,0.2687,model,unchanged,none
shrinkage=0.75,us_house,state:45|district:cong_03,SC,3.0,0.355336284885615,0.11214528266032361,0.09965,model,unchanged,none
shrinkage=0.75,us_house,state:45|district:cong_04,SC,4.0,0.4217265547829078,0.11214528266032361,0.241,model,unchanged,none
shrinkage=0.75,us_house,state:45|district:cong_05,SC,5.0,0.4108973516446348,0.11214528266032361,0.21295,model,unchanged,none
shrinkage=0.75,us_house,state:45|district:cong_06,SC,6.0,0.7070187059296024,0.11214528266032361,0.9682,model,unchanged,none
shrinkage=0.75,us_house,state:45|district:cong_07,SC,7.0,0.4034963382916413,0.11214528266032361,0.189,model,unchanged,none
shrinkage=0.75,us_house,state:46|district:cong_00,SD,0.0,0.36536622943041003,0.11214528266032361,0.1108,model,unchanged,none
shrinkage=0.75,us_house,state:47|district:cong_01,TN,1.0,0.4052172859725746,0.1450431555000947,0.25755,fallback_state_lean,redrawn,active
shrinkage=0.75,us_house,state:47|district:cong_02,TN,2.0,0.4052172859725746,0.1450431555000947,0.26035,fallback_state_lean,redrawn,active
shrinkage=0.75,us_house,state:47|district:cong_03,TN,3.0,0.4052172859725746,0.1450431555000947,0.25485,fallback_state_lean,redrawn,active
shrinkage=0.75,us_house,state:47|district:cong_04,TN,4.0,0.4052172859725746,0.1450431555000947,0.25565,fallback_state_lean,redrawn,active
shrinkage=0.75,us_house,state:47|district:cong_05,TN,5.0,0.4052172859725746,0.1450431555000947,0.25395,fallback_state_lean,redrawn,active
shrinkage=0.75,us_house,state:47|district:cong_06,TN,6.0,0.4052172859725746,0.1450431555000947,0.25545,fallback_state_lean,redrawn,active
shrinkage=0.75,us_house,state:47|district:cong_07,TN,7.0,0.4052172859725746,0.1450431555000947,0.25605,fallback_state_lean,redrawn,active
shrinkage=0.75,us_house,state:47|district:cong_08,TN,8.0,0.4052172859725746,0.1450431555000947,0.25465,fallback_state_lean,redrawn,active
shrinkage=0.75,us_house,state:47|district:cong_09,TN,9.0,0.5640087181718776,0.1450431555000947,0.673,fallback_state_lean,redrawn,active
shrinkage=0.75,us_house,state:48|district:cong_01,TX,1.0,0.449050648482981,0.1450431555000947,0.3585,fallback_state_lean,redrawn,none
shrinkage=0.75,us_house,state:48|district:cong_02,TX,2.0,0.449050648482981,0.1450431555000947,0.36395,fallback_state_lean,redrawn,none
shrinkage=0.75,us_house,state:48|district:cong_03,TX,3.0,0.449050648482981,0.1450431555000947,0.36365,fallback_state_lean,redrawn,none
shrinkage=0.75,us_house,state:48|district:cong_04,TX,4.0,0.449050648482981,0.1450431555000947,0.3625,fallback_state_lean,redrawn,none
shrinkage=0.75,us_house,state:48|district:cong_05,TX,5.0,0.449050648482981,0.1450431555000947,0.3582,fallback_state_lean,redrawn,none
shrinkage=0.75,us_house,state:48|district:cong_06,TX,6.0,0.449050648482981,0.1450431555000947,0.35905,fallback_state_lean,redrawn,none
shrinkage=0.75,us_house,state:48|district:cong_07,TX,7.0,0.607842080682284,0.1450431555000947,0.7717,fallback_state_lean,redrawn,none
shrinkage=0.75,us_house,state:48|district:cong_08,TX,8.0,0.449050648482981,0.1450431555000947,0.3584,fallback_state_lean,redrawn,none
shrinkage=0.75,us_house,state:48|district:cong_09,TX,9.0,0.607842080682284,0.1450431555000947,0.7695,fallback_state_lean,redrawn,none
shrinkage=0.75,us_house,state:48|district:cong_10,TX,10.0,0.449050648482981,0.1450431555000947,0.36105,fallback_state_lean,redrawn,none
shrinkage=0.75,us_house,state:48|district:cong_11,TX,11.0,0.449050648482981,0.1450431555000947,0.36225,fallback_state_lean,redrawn,none
shrinkage=0.75,us_house,state:48|district:cong_12,TX,12.0,0.449050648482981,0.1450431555000947,0.36025,fallback_state_lean,redrawn,none
shrinkage=0.75,us_house,state:48|district:cong_13,TX,13.0,0.449050648482981,0.1450431555000947,0.3618,fallback_state_lean,redrawn,none
shrinkage=0.75,us_house,state:48|district:cong_14,TX,14.0,0.449050648482981,0.1450431555000947,0.36,fallback_state_lean,redrawn,none
shrinkage=0.75,us_house,state:48|district:cong_15,TX,15.0,0.449050648482981,0.1450431555000947,0.36425,fallback_state_lean,redrawn,none
shrinkage=0.75,us_house,state:48|district:cong_16,TX,16.0,0.607842080682284,0.1450431555000947,0.7694,fallback_state_lean,redrawn,none
shrinkage=0.75,us_house,state:48|district:cong_17,TX,17.0,0.449050648482981,0.1450431555000947,0.3564,fallback_state_lean,redrawn,none
shrinkage=0.75,us_house,state:48|district:cong_18,TX,18.0,0.607842080682284,0.1450431555000947,0.76865,fallback_state_lean,redrawn,none
shrinkage=0.75,us_house,state:48|district:cong_19,TX,19.0,0.449050648482981,0.1450431555000947,0.3623,fallback_state_lean,redrawn,none
shrinkage=0.75,us_house,state:48|district:cong_20,TX,20.0,0.607842080682284,0.1450431555000947,0.77085,fallback_state_lean,redrawn,none
shrinkage=0.75,us_house,state:48|district:cong_21,TX,21.0,0.449050648482981,0.1450431555000947,0.3626,fallback_state_lean,redrawn,none
shrinkage=0.75,us_house,state:48|district:cong_22,TX,22.0,0.449050648482981,0.1450431555000947,0.36315,fallback_state_lean,redrawn,none
shrinkage=0.75,us_house,state:48|district:cong_23,TX,23.0,0.449050648482981,0.1450431555000947,0.36015,fallback_state_lean,redrawn,none
shrinkage=0.75,us_house,state:48|district:cong_24,TX,24.0,0.449050648482981,0.1450431555000947,0.36415,fallback_state_lean,redrawn,none
shrinkage=0.75,us_house,state:48|district:cong_25,TX,25.0,0.44905064848298093,0.1450431555000947,0.36045,fallback_state_lean,redrawn,none
shrinkage=0.75,us_house,state:48|district:cong_26,TX,26.0,0.44905064848298093,0.1450431555000947,0.36555,fallback_state_lean,redrawn,none
shrinkage=0.75,us_house,state:48|district:cong_27,TX,27.0,0.44905064848298093,0.1450431555000947,0.35995,fallback_state_lean,redrawn,none
shrinkage=0.75,us_house,state:48|district:cong_28,TX,28.0,0.6078420806822838,0.1450431555000947,0.7702,fallback_state_lean,redrawn,none
shrinkage=0.75,us_house,state:48|district:cong_29,TX,29.0,0.6078420806822838,0.1450431555000947,0.76875,fallback_state_lean,redrawn,none
shrinkage=0.75,us_house,state:48|district:cong_30,TX,30.0,0.6078420806822838,0.1450431555000947,0.76875,fallback_state_lean,redrawn,none
shrinkage=0.75,us_house,state:48|district:cong_31,TX,31.0,0.44905064848298093,0.1450431555000947,0.36275,fallback_state_lean,redrawn,none
shrinkage=0.75,us_house,state:48|district:cong_32,TX,32.0,0.6078420806822838,0.1450431555000947,0.7732,fallback_state_lean,redrawn,none
shrinkage=0.75,us_house,state:48|district:cong_33,TX,33.0,0.6078420806822838,0.1450431555000947,0.76965,fallback_state_lean,redrawn,none
shrinkage=0.75,us_house,state:48|district:cong_34,TX,34.0,0.6078420806822838,0.1450431555000947,0.77135,fallback_state_lean,redrawn,none
shrinkage=0.75,us_house,state:48|district:cong_35,TX,35.0,0.6078420806822838,0.1450431555000947,0.7722,fallback_state_lean,redrawn,none
shrinkage=0.75,us_house,state:48|district:cong_36,TX,36.0,0.44905064848298093,0.1450431555000947,0.35855,fallback_state_lean,redrawn,none
shrinkage=0.75,us_house,state:48|district:cong_37,TX,37.0,0.6078420806822838,0.1450431555000947,0.7718,fallback_state_lean,redrawn,none
shrinkage=0.75,us_house,state:48|district:cong_38,TX,38.0,0.44905064848298093,0.1450431555000947,0.36175,fallback_state_lean,redrawn,none
shrinkage=0.75,us_house,state:49|district:cong_01,UT,1.0,0.42656425200774795,0.1450431555000947,0.3033,fallback_state_lean,redrawn,none
shrinkage=0.75,us_house,state:49|district:cong_02,UT,2.0,0.42656425200774795,0.1450431555000947,0.30695,fallback_state_lean,redrawn,none
shrinkage=0.75,us_house,state:49|district:cong_03,UT,3.0,0.42656425200774795,0.1450431555000947,0.30165,fallback_state_lean,redrawn,none
shrinkage=0.75,us_house,state:49|district:cong_04,UT,4.0,0.42656425200774795,0.1450431555000947,0.3037,fallback_state_lean,redrawn,none
shrinkage=0.75,us_house,state:51|district:cong_01,VA,1.0,0.44979399584216173,0.11214528266032361,0.32815,model,unchanged,none
shrinkage=0.75,us_house,state:51|district:cong_02,VA,2.0,0.4737254662027637,0.11214528266032361,0.4064,model,unchanged,none
shrinkage=0.75,us_house,state:51|district:cong_03,VA,3.0,0.7516251941103962,0.11214528266032361,0.98805,model,unchanged,none
shrinkage=0.75,us_house,state:51|district:cong_04,VA,4.0,0.7375336550554669,0.11214528266032361,0.98395,model,unchanged,none
shrinkage=0.75,us_house,state:51|district:cong_05,VA,5.0,0.44370001431579464,0.11214528266032361,0.30315,model,unchanged,none
shrinkage=0.75,us_house,state:51|district:cong_06,VA,6.0,0.40625924541512437,0.11214528266032361,0.20525,model,unchanged,none
shrinkage=0.75,us_house,state:51|district:cong_07,VA,7.0,0.6502804448625756,0.11214528266032361,0.9093,model,unchanged,none
shrinkage=0.75,us_house,state:51|district:cong_08,VA,8.0,0.7746181015102886,0.11214528266032361,0.9936,model,unchanged,none
shrinkage=0.75,us_house,state:51|district:cong_09,VA,9.0,0.36224805528992216,0.11214528266032361,0.11025,model,unchanged,none
shrinkage=0.75,us_house,state:51|district:cong_10,VA,10.0,0.655457725336615,0.11214528266032361,0.9215,model,unchanged,none
shrinkage=0.75,us_house,state:51|district:cong_11,VA,11.0,0.7348183534462479,0.11214528266032361,0.9822,model,unchanged,none
shrinkage=0.75,us_house,state:50|district:cong_00,VT,0.0,0.7383806482534129,0.11214528266032361,0.98355,model,unchanged,none
shrinkage=0.75,us_house,state:53|district:cong_01,WA,1.0,0.714154295648225,0.11214528266032361,0.9718,model,unchanged,none
shrinkage=0.75,us_house,state:53|district:cong_02,WA,2.0,0.7188578533036691,0.11214528266032361,0.97575,model,unchanged,none
shrinkage=0.75,us_house,state:53|district:cong_03,WA,3.0,0.6536395444934565,0.11214528266032361,0.91015,model,unchanged,none
shrinkage=0.75,us_house,state:53|district:cong_04,WA,4.0,0.2144849577400309,0.11214528266032361,0.0053,model,unchanged,none
shrinkage=0.75,us_house,state:53|district:cong_05,WA,5.0,0.42683077502766614,0.11214528266032361,0.25635,model,unchanged,none
shrinkage=0.75,us_house,state:53|district:cong_06,WA,6.0,0.6799204475740037,0.11214528266032361,0.9437,model,unchanged,none
shrinkage=0.75,us_house,state:53|district:cong_07,WA,7.0,0.82759589506316,0.11214528266032361,0.9985,model,unchanged,none
shrinkage=0.75,us_house,state:53|district:cong_08,WA,8.0,0.6651856463192009,0.11214528266032361,0.9271,model,unchanged,none
shrinkage=0.75,us_house,state:53|district:cong_09,WA,9.0,0.9129953648953412,0.11214528266032361,0.9997,model,unchanged,none
shrinkage=0.75,us_house,state:53|district:cong_10,WA,10.0,0.6899538840230875,0.11214528266032361,0.9533,model,unchanged,none
shrinkage=0.75,us_house,state:55|district:cong_01,WI,1.0,0.45622182755966884,0.11214528266032361,0.345,model,unchanged,none
shrinkage=0.75,us_house,state:55|district:cong_02,WI,2.0,0.7518422003445319,0.11214528266032361,0.98835,model,unchanged,none
shrinkage=0.75,us_house,state:55|district:cong_03,WI,3.0,0.47698735054692004,0.11214528266032361,0.41625,model,unchanged,none
shrinkage=0.75,us_house,state:55|district:cong_04,WI,4.0,0.788522023160376,0.11214528266032361,0.995,model,unchanged,none
shrinkage=0.75,us_house,state:55|district:cong_05,WI,5.0,0.4062718599662114,0.11214528266032361,0.1944,model,unchanged,none
shrinkage=0.75,us_house,state:55|district:cong_06,WI,6.0,0.4233715718308474,0.11214528266032361,0.2463,model,unchanged,none
shrinkage=0.75,us_house,state:55|district:cong_07,WI,7.0,0.4109125110293584,0.11214528266032361,0.21185,model,unchanged,none
shrinkage=0.75,us_house,state:55|district:cong_08,WI,8.0,0.44478839351475113,0.11214528266032361,0.30735,model,unchanged,none
shrinkage=0.75,us_house,state:54|district:cong_01,WV,1.0,0.36704631657106046,0.11214528266032361,0.11765,model,unchanged,none
shrinkage=0.75,us_house,state:54|district:cong_02,WV,2.0,0.37224984223002794,0.11214528266032361,0.12615,model,unchanged,none
shrinkage=0.75,us_house,state:56|district:cong_00,WY,0.0,0.3481250911228346,0.11214528266032361,0.08635,model,unchanged,none
shrinkage=0.75,us_senate,state:02,AK,,0.46431173092488903,0.12833967999474297,0.3876,model,n/a,none
shrinkage=0.75,us_senate,state:01,AL,,0.41288958714868346,0.12833967999474297,0.24795,model,n/a,none
shrinkage=0.75,us_senate,state:05,AR,,0.41151709346282234,0.12833967999474297,0.2424,model,n/a,none
shrinkage=0.75,us_senate,state:08,CO,,0.7312850733721221,0.12833967999474297,0.9614,model,n/a,none
shrinkage=0.75,us_senate,state:10,DE,,0.7422509225908913,0.12833967999474297,0.9724,model,n/a,none
shrinkage=0.75,us_senate,state:13,GA,,0.6908912915695355,0.12833967999474297,0.93255,model,n/a,none
shrinkage=0.75,us_senate,state:19,IA,,0.4650522658985699,0.12833967999474297,0.39205,model,n/a,none
shrinkage=0.75,us_senate,state:16,ID,,0.3930226557845144,0.12833967999474297,0.1972,model,n/a,none
shrinkage=0.75,us_senate,state:17,IL,,0.73081371845963,0.12833967999474297,0.96515,model,n/a,none
shrinkage=0.75,us_senate,state:20,KS,,0.4561791663426043,0.12833967999474297,0.36455,model,n/a,none
shrinkage=0.75,us_senate,state:21,KY,,0.4124500477031083,0.12833967999474297,0.24505,model,n/a,none
shrinkage=0.75,us_senate,state:22,LA,,0.4383916976541122,0.12833967999474297,0.31555,model,n/a,none
shrinkage=0.75,us_senate,state:25,MA,,0.77501684639693,0.12833967999474297,0.9822,model,n/a,none
shrinkage=0.75,us_senate,state:23,ME,,0.5264850677079869,0.12833967999474297,0.58395,model,n/a,none
shrinkage=0.75,us_senate,state:26,MI,,0.6931837302346633,0.12833967999474297,0.93545,model,n/a,none
shrinkage=0.75,us_senate,state:27,MN,,0.7104935127070562,0.12833967999474297,0.947,model,n/a,none
shrinkage=0.75,us_senate,state:28,MS,,0.4360341926177775,0.12833967999474297,0.3077,model,n/a,none
shrinkage=0.75,us_senate,state:30,MT,,0.44371375656900297,0.12833967999474297,0.33055,model,n/a,none
shrinkage=0.75,us_senate,state:37,NC,,0.4955227850211564,0.12833967999474297,0.4844,model,n/a,none
shrinkage=0.75,us_senate,state:31,NE,,0.4429281694726968,0.12833967999474297,0.32575,model,n/a,none
shrinkage=0.75,us_senate,state:33,NH,,0.705939533614395,0.12833967999474297,0.946,model,n/a,none
shrinkage=0.75,us_senate,state:34,NJ,,0.7155326117498038,0.12833967999474297,0.9557,model,n/a,none
shrinkage=0.75,us_senate,state:35,NM,,0.7158738627739267,0.12833967999474297,0.9513,model,n/a,none
shrinkage=0.75,us_senate,state:40,OK,,0.4007465757077531,0.12833967999474297,0.2205,model,n/a,none
shrinkage=0.75,us_senate,state:41,OR,,0.7419746207662969,0.12833967999474297,0.9699,model,n/a,none
shrinkage=0.75,us_senate,state:44,RI,,0.739869311326103,0.12833967999474297,0.96975,model,n/a,none
shrinkage=0.75,us_senate,state:45,SC,,0.4510576503807388,0.12833967999474297,0.35605,model,n/a,none
shrinkage=0.75,us_senate,state:46,SD,,0.4158544653283895,0.12833967999474297,0.2532,model,n/a,none
shrinkage=0.75,us_senate,state:47,TN,,0.41516367322641917,0.12833967999474297,0.25205,model,n/a,none
shrinkage=0.75,us_senate,state:48,TX,,0.46375843232555775,0.12833967999474297,0.3879,model,n/a,none
shrinkage=0.75,us_senate,state:51,VA,,0.715124388432065,0.12833967999474297,0.95555,model,n/a,none
shrinkage=0.75,us_senate,state:54,WV,,0.3775675500919928,0.12833967999474297,0.17275,model,n/a,none
shrinkage=0.75,us_senate,state:56,WY,,0.3647911849029763,0.12833967999474297,0.14275,model,n/a,none
shrinkage=1,us_house,state:02|district:cong_00,AK,0.0,0.5022379851977399,0.11214528266032361,0.5064,model,unchanged,none
shrinkage=1,us_house,state:01|district:cong_01,AL,1.0,0.4238838136650055,0.1450431555000947,0.2996,fallback_state_lean,redrawn,active
shrinkage=1,us_house,state:01|district:cong_02,AL,2.0,0.5826752458643084,0.1450431555000947,0.7205,fallback_state_lean,redrawn,active
shrinkage=1,us_house,state:01|district:cong_03,AL,3.0,0.4238838136650055,0.1450431555000947,0.2997,fallback_state_lean,redrawn,active
shrinkage=1,us_house,state:01|district:cong_04,AL,4.0,0.4238838136650055,0.1450431555000947,0.30055,fallback_state_lean,redrawn,active
shrinkage=1,us_house,state:01|district:cong_05,AL,5.0,0.4238838136650055,0.1450431555000947,0.29725,fallback_state_lean,redrawn,active
shrinkage=1,us_house,state:01|district:cong_06,AL,6.0,0.4238838136650055,0.1450431555000947,0.29775,fallback_state_lean,redrawn,active
shrinkage=1,us_house,state:01|district:cong_07,AL,7.0,0.5826752458643084,0.1450431555000947,0.71665,fallback_state_lean,redrawn,active
shrinkage=1,us_house,state:05|district:cong_01,AR,1.0,0.3688959289322774,0.11214528266032361,0.1197,model,unchanged,none
shrinkage=1,us_house,state:05|district:cong_02,AR,2.0,0.4568395023964436,0.11214528266032361,0.3493,model,unchanged,none
shrinkage=1,us_house,state:05|district:cong_03,AR,3.0,0.41461078457700534,0.11214528266032361,0.2238,model,unchanged,none
shrinkage=1,us_house,state:05|district:cong_04,AR,4.0,0.38140356084481314,0.11214528266032361,0.143,model,unchanged,none
shrinkage=1,us_house,state:04|district:cong_01,AZ,1.0,0.4947697885086852,0.11214528266032361,0.48055,model,unchanged,none
shrinkage=1,us_house,state:04|district:cong_02,AZ,2.0,0.48087304287905,0.11214528266032361,0.42915,model,unchanged,none
shrinkage=1,us_house,state:04|district:cong_03,AZ,3.0,0.7866087118108513,0.11214528266032361,0.99525,model,unchanged,none
shrinkage=1,us_house,state:04|district:cong_04,AZ,4.0,0.6838795335304114,0.11214528266032361,0.94925,model,unchanged,none
shrinkage=1,us_house,state:04|district:cong_05,AZ,5.0,0.4489952577479069,0.11214528266032361,0.3211,model,unchanged,none
shrinkage=1,us_house,state:04|district:cong_06,AZ,6.0,0.49811498093654044,0.11214528266032361,0.49545,model,unchanged,none
shrinkage=1,us_house,state:04|district:cong_07,AZ,7.0,0.7364409365940761,0.11214528266032361,0.98105,model,unchanged,none
shrinkage=1,us_house,state:04|district:cong_08,AZ,8.0,0.46997661939960506,0.11214528266032361,0.3961,model,unchanged,none
shrinkage=1,us_house,state:04|district:cong_09,AZ,9.0,0.4224974075055965,0.11214528266032361,0.2395,model,unchanged,none
shrinkage=1,us_house,state:06|district:cong_01,CA,1.0,0.563351268981358,0.1450431555000947,0.66655,fallback_state_lean,redrawn,none
shrinkage=1,us_house,state:06|district:cong_02,CA,2.0,0.7221427011806609,0.1450431555000947,0.93695,fallback_state_lean,redrawn,none
shrinkage=1,us_house,state:06|district:cong_03,CA,3.0,0.563351268981358,0.1450431555000947,0.6661,fallback_state_lean,redrawn,none
shrinkage=1,us_house,state:06|district:cong_04,CA,4.0,0.7221427011806609,0.1450431555000947,0.93405,fallback_state_lean,redrawn,none
shrinkage=1,us_house,state:06|district:cong_05,CA,5.0,0.563351268981358,0.1450431555000947,0.66815,fallback_state_lean,redrawn,none
shrinkage=1,us_house,state:06|district:cong_06,CA,6.0,0.7221427011806609,0.1450431555000947,0.93475,fallback_state_lean,redrawn,none
shrinkage=1,us_house,state:06|district:cong_07,CA,7.0,0.7221427011806609,0.1450431555000947,0.9361,fallback_state_lean,redrawn,none
shrinkage=1,us_house,state:06|district:cong_08,CA,8.0,0.7221427011806609,0.1450431555000947,0.9375,fallback_state_lean,redrawn,none
shrinkage=1,us_house,state:06|district:cong_09,CA,9.0,0.7221427011806609,0.1450431555000947,0.9342,fallback_state_lean,redrawn,none
shrinkage=1,us_house,state:06|district:cong_10,CA,10.0,0.7221427011806609,0.1450431555000947,0.93735,fallback_state_lean,redrawn,none
shrinkage=1,us_house,state:06|district:cong_11,CA,11.0,0.7221427011806609,0.1450431555000947,0.935,fallback_state_lean,redrawn,none
shrinkage=1,us_house,state:06|district:cong_12,CA,12.0,0.7221427011806609,0.1450431555000947,0.93595,fallback_state_lean,redrawn,none
shrinkage=1,us_house,state:06|district:cong_13,CA,13.0,0.7221427011806609,0.1450431555000947,0.93425,fallback_state_lean,redrawn,none
shrinkage=1,us_house,state:06|district:cong_14,CA,14.0,0.7221427011806609,0.1450431555000947,0.9353,fallback_state_lean,redrawn,none
shrinkage=1,us_house,state:06|district:cong_15,CA,15.0,0.7221427011806609,0.1450431555000947,0.93365,fallback_state_lean,redrawn,none
shrinkage=1,us_house,state:06|district:cong_16,CA,16.0,0.7221427011806609,0.1450431555000947,0.93595,fallback_state_lean,redrawn,none
shrinkage=1,us_house,state:06|district:cong_17,CA,17.0,0.7221427011806609,0.1450431555000947,0.93705,fallback_state_lean,redrawn,none
shrinkage=1,us_house,state:06|district:cong_18,CA,18.0,0.7221427011806609,0.1450431555000947,0.9341,fallback_state_lean,redrawn,none
shrinkage=1,us_house,state:06|district:cong_19,CA,19.0,0.7221427011806609,0.1450431555000947,0.9353,fallback_state_lean,redrawn,none
shrinkage=1,us_house,state:06|district:cong_20,CA,20.0,0.563351268981358,0.1450431555000947,0.66585,fallback_state_lean,redrawn,none
shrinkage=1,us_house,state:06|district:cong_21,CA,21.0,0.7221427011806609,0.1450431555000947,0.9356,fallback_state_lean,redrawn,none
shrinkage=1,us_house,state:06|district:cong_22,CA,22.0,0.563351268981358,0.1450431555000947,0.6666,fallback_state_lean,redrawn,none
shrinkage=1,us_house,state:06|district:cong_23,CA,23.0,0.563351268981358,0.1450431555000947,0.6674,fallback_state_lean,redrawn,none
shrinkage=1,us_house,state:06|district:cong_24,CA,24.0,0.7221427011806609,0.1450431555000947,0.9338,fallback_state_lean,redrawn,none
shrinkage=1,us_house,state:06|district:cong_25,CA,25.0,0.7221427011806609,0.1450431555000947,0.9356,fallback_state_lean,redrawn,none
shrinkage=1,us_house,state:06|district:cong_26,CA,26.0,0.7221427011806609,0.1450431555000947,0.9353,fallback_state_lean,redrawn,none
shrinkage=1,us_house,state:06|district:cong_27,CA,27.0,0.7221427011806609,0.1450431555000947,0.9347,fallback_state_lean,redrawn,none
shrinkage=1,us_house,state:06|district:cong_28,CA,28.0,0.7221427011806609,0.1450431555000947,0.93515,fallback_state_lean,redrawn,none
shrinkage=1,us_house,state:06|district:cong_29,CA,29.0,0.7221427011806609,0.1450431555000947,0.93415,fallback_state_lean,redrawn,none
shrinkage=1,us_house,state:06|district:cong_30,CA,30.0,0.7221427011806609,0.1450431555000947,0.9347,fallback_state_lean,redrawn,none
shrinkage=1,us_house,state:06|district:cong_31,CA,31.0,0.7221427011806609,0.1450431555000947,0.9369,fallback_state_lean,redrawn,none
shrinkage=1,us_house,state:06|district:cong_32,CA,32.0,0.7221427011806609,0.1450431555000947,0.9367,fallback_state_lean,redrawn,none
shrinkage=1,us_house,state:06|district:cong_33,CA,33.0,0.7221427011806609,0.1450431555000947,0.93595,fallback_state_lean,redrawn,none
shrinkage=1,us_house,state:06|district:cong_34,CA,34.0,0.7221427011806609,0.1450431555000947,0.9369,fallback_state_lean,redrawn,none
shrinkage=1,us_house,state:06|district:cong_35,CA,35.0,0.7221427011806609,0.1450431555000947,0.9356,fallback_state_lean,redrawn,none
shrinkage=1,us_house,state:06|district:cong_36,CA,36.0,0.7221427011806609,0.1450431555000947,0.93755,fallback_state_lean,redrawn,none
shrinkage=1,us_house,state:06|district:cong_37,CA,37.0,0.7221427011806609,0.1450431555000947,0.93675,fallback_state_lean,redrawn,none
shrinkage=1,us_house,state:06|district:cong_38,CA,38.0,0.7221427011806609,0.1450431555000947,0.93775,fallback_state_lean,redrawn,none
shrinkage=1,us_house,state:06|district:cong_39,CA,39.0,0.7221427011806609,0.1450431555000947,0.9368,fallback_state_lean,redrawn,none
shrinkage=1,us_house,state:06|district:cong_40,CA,40.0,0.563351268981358,0.1450431555000947,0.6689,fallback_state_lean,redrawn,none
shrinkage=1,us_house,state:06|district:cong_41,CA,41.0,0.563351268981358,0.1450431555000947,0.6675,fallback_state_lean,redrawn,none
shrinkage=1,us_house,state:06|district:cong_42,CA,42.0,0.7221427011806609,0.1450431555000947,0.9377,fallback_state_lean,redrawn,none
shrinkage=1,us_house,state:06|district:cong_43,CA,43.0,0.7221427011806609,0.1450431555000947,0.93615,fallback_state_lean,redrawn,none
shrinkage=1,us_house,state:06|district:cong_44,CA,44.0,0.7221427011806609,0.1450431555000947,0.9364,fallback_state_lean,redrawn,none
shrinkage=1,us_house,state:06|district:cong_45,CA,45.0,0.7221427011806609,0.1450431555000947,0.93505,fallback_state_lean,redrawn,none
shrinkage=1,us_house,state:06|district:cong_46,CA,46.0,0.7221427011806609,0.1450431555000947,0.9368,fallback_state_lean,redrawn,none
shrinkage=1,us_house,state:06|district:cong_47,CA,47.0,0.7221427011806609,0.1450431555000947,0.9356,fallback_state_lean,redrawn,none
shrinkage=1,us_house,state:06|district:cong_48,CA,48.0,0.563351268981358,0.1450431555000947,0.6688,fallback_state_lean,redrawn,none
shrinkage=1,us_house,state:06|district:cong_49,CA,49.0,0.7221427011806609,0.1450431555000947,0.93665,fallback_state_lean,redrawn,none
shrinkage=1,us_house,state:06|district:cong_50,CA,50.0,0.7221427011806609,0.1450431555000947,0.9365,fallback_state_lean,redrawn,none
shrinkage=1,us_house,state:06|district:cong_51,CA,51.0,0.7221427011806609,0.1450431555000947,0.9336,fallback_state_lean,redrawn,none
shrinkage=1,us_house,state:06|district:cong_52,CA,52.0,0.7221427011806609,0.1450431555000947,0.9354,fallback_state_lean,redrawn,none
shrinkage=1,us_house,state:08|district:cong_01,CO,1.0,0.8150485403275821,0.11214528266032361,0.998,model,unchanged,none
shrinkage=1,us_house,state:08|district:cong_02,CO,2.0,0.7732013618242848,0.11214528266032361,0.99235,model,unchanged,none
shrinkage=1,us_house,state:08|district:cong_03,CO,3.0,0.49114835027388476,0.11214528266032361,0.4673,model,unchanged,none
shrinkage=1,us_house,state:08|district:cong_04,CO,4.0,0.47233360052959733,0.11214528266032361,0.39915,model,unchanged,none
shrinkage=1,us_house,state:08|district:cong_05,CO,5.0,0.4660909276637269,0.11214528266032361,0.377,model,unchanged,none
shrinkage=1,us_house,state:08|district:cong_06,CO,6.0,0.7206784116293834,0.11214528266032361,0.97575,model,unchanged,none
shrinkage=1,us_house,state:08|district:cong_07,CO,7.0,0.7035254683433446,0.11214528266032361,0.9636,model,unchanged,none
shrinkage=1,us_house,state:08|district:cong_08,CO,8.0,0.5030236706924585,0.11214528266032361,0.508,model,unchanged,none
shrinkage=1,us_house,state:09|district:cong_01,CT,1.0,0.7352085463507773,0.11214528266032361,0.9813,model,unchanged,none
shrinkage=1,us_house,state:09|district:cong_02,CT,2.0,0.7071155842713289,0.11214528266032361,0.9649,model,unchanged,none
shrinkage=1,us_house,state:09|district:cong_03,CT,3.0,0.7168530792380914,0.11214528266032361,0.97215,model,unchanged,none
shrinkage=1,us_house,state:09|district:cong_04,CT,4.0,0.7289016979565865,0.11214528266032361,0.97995,model,unchanged,none
shrinkage=1,us_house,state:09|district:cong_05,CT,5.0,0.6754160872923618,0.11214528266032361,0.9384,model,unchanged,none
shrinkage=1,us_house,state:10|district:cong_00,DE,0.0,0.7062902643323731,0.11214528266032361,0.96775,model,unchanged,none
shrinkage=1,us_house,state:12|district:cong_01,FL,1.0,0.4715385299188101,0.1450431555000947,0.4209,fallback_state_lean,redrawn,none
shrinkage=1,us_house,state:12|district:cong_02,FL,2.0,0.4715385299188101,0.1450431555000947,0.4198,fallback_state_lean,redrawn,none
shrinkage=1,us_house,state:12|district:cong_03,FL,3.0,0.4715385299188101,0.1450431555000947,0.4226,fallback_state_lean,redrawn,none
shrinkage=1,us_house,state:12|district:cong_04,FL,4.0,0.4715385299188101,0.1450431555000947,0.4239,fallback_state_lean,redrawn,none
shrinkage=1,us_house,state:12|district:cong_05,FL,5.0,0.4715385299188101,0.1450431555000947,0.42065,fallback_state_lean,redrawn,none
shrinkage=1,us_house,state:12|district:cong_06,FL,6.0,0.4715385299188101,0.1450431555000947,0.4204,fallback_state_lean,redrawn,none
shrinkage=1,us_house,state:12|district:cong_07,FL,7.0,0.4715385299188101,0.1450431555000947,0.4217,fallback_state_lean,redrawn,none
shrinkage=1,us_house,state:12|district:cong_08,FL,8.0,0.4715385299188101,0.1450431555000947,0.42065,fallback_state_lean,redrawn,none
shrinkage=1,us_house,state:12|district:cong_09,FL,9.0,0.6303299621181131,0.1450431555000947,0.81745,fallback_state_lean,redrawn,none
shrinkage=1,us_house,state:12|district:cong_10,FL,10.0,0.6303299621181131,0.1450431555000947,0.81935,fallback_state_lean,redrawn,none
shrinkage=1,us_house,state:12|district:cong_11,FL,11.0,0.4715385299188101,0.1450431555000947,0.41935,fallback_state_lean,redrawn,none
shrinkage=1,us_house,state:12|district:cong_12,FL,12.0,0.4715385299188101,0.1450431555000947,0.42125,fallback_state_lean,redrawn,none
shrinkage=1,us_house,state:12|district:cong_13,FL,13.0,0.4715385299188101,0.1450431555000947,0.4232,fallback_state_lean,redrawn,none
shrinkage=1,us_house,state:12|district:cong_14,FL,14.0,0.6303299621181131,0.1450431555000947,0.81695,fallback_state_lean,redrawn,none
shrinkage=1,us_house,state:12|district:cong_15,FL,15.0,0.4715385299188101,0.1450431555000947,0.42015,fallback_state_lean,redrawn,none
shrinkage=1,us_house,state:12|district:cong_16,FL,16.0,0.4715385299188101,0.1450431555000947,0.4206,fallback_state_lean,redrawn,none
shrinkage=1,us_house,state:12|district:cong_17,FL,17.0,0.4715385299188101,0.1450431555000947,0.4237,fallback_state_lean,redrawn,none
shrinkage=1,us_house,state:12|district:cong_18,FL,18.0,0.4715385299188101,0.1450431555000947,0.42245,fallback_state_lean,redrawn,none
shrinkage=1,us_house,state:12|district:cong_19,FL,19.0,0.4715385299188101,0.1450431555000947,0.4256,fallback_state_lean,redrawn,none
shrinkage=1,us_house,state:12|district:cong_20,FL,20.0,0.6303299621181131,0.1450431555000947,0.816,fallback_state_lean,redrawn,none
shrinkage=1,us_house,state:12|district:cong_21,FL,21.0,0.4715385299188101,0.1450431555000947,0.42035,fallback_state_lean,redrawn,none
shrinkage=1,us_house,state:12|district:cong_22,FL,22.0,0.6303299621181131,0.1450431555000947,0.8121,fallback_state_lean,redrawn,none
shrinkage=1,us_house,state:12|district:cong_23,FL,23.0,0.6303299621181131,0.1450431555000947,0.8196,fallback_state_lean,redrawn,none
shrinkage=1,us_house,state:12|district:cong_24,FL,24.0,0.6303299621181131,0.1450431555000947,0.81445,fallback_state_lean,redrawn,none
shrinkage=1,us_house,state:12|district:cong_25,FL,25.0,0.6303299621181131,0.1450431555000947,0.81565,fallback_state_lean,redrawn,none
shrinkage=1,us_house,state:12|district:cong_26,FL,26.0,0.4715385299188101,0.1450431555000947,0.41765,fallback_state_lean,redrawn,none
shrinkage=1,us_house,state:12|district:cong_27,FL,27.0,0.4715385299188101,0.1450431555000947,0.421,fallback_state_lean,redrawn,none
shrinkage=1,us_house,state:12|district:cong_28,FL,28.0,0.4715385299188101,0.1450431555000947,0.4243,fallback_state_lean,redrawn,none
shrinkage=1,us_house,state:13|district:cong_01,GA,1.0,0.4403798959239141,0.11214528266032361,0.2974,model,unchanged,none
shrinkage=1,us_house,state:13|district:cong_02,GA,2.0,0.6980112975745592,0.11214528266032361,0.9619,model,unchanged,none
shrinkage=1,us_house,state:13|district:cong_03,GA,3.0,0.4170584979607513,0.11214528266032361,0.22925,model,unchanged,none
shrinkage=1,us_house,state:13|district:cong_04,GA,4.0,0.8019311437440565,0.11214528266032361,0.9964,model,unchanged,none
shrinkage=1,us_house,state:13|district:cong_05,GA,5.0,0.8564184164338098,0.11214528266032361,0.99935,model,unchanged,none
shrinkage=1,us_house,state:13|district:cong_06,GA,6.0,0.7970737686565207,0.11214528266032361,0.99605,model,unchanged,none
shrinkage=1,us_house,state:13|district:cong_07,GA,7.0,0.42490399734973805,0.11214528266032361,0.2493,model,unchanged,none
shrinkage=1,us_house,state:13|district:cong_08,GA,8.0,0.4029652494943827,0.11214528266032361,0.19375,model,unchanged,none
shrinkage=1,us_house,state:13|district:cong_09,GA,9.0,0.40248958440375815,0.11214528266032361,0.1909,model,unchanged,none
shrinkage=1,us_house,state:13|district:cong_10,GA,10.0,0.4346188790596521,0.11214528266032361,0.2801,model,unchanged,none
shrinkage=1,us_house,state:13|district:cong_11,GA,11.0,0.4116443441163482,0.11214528266032361,0.21215,model,unchanged,none
shrinkage=1,us_house,state:13|district:cong_12,GA,12.0,0.4493674349027768,0.11214528266032361,0.3245,model,unchanged,none
shrinkage=1,us_house,state:13|district:cong_13,GA,13.0,0.7816968628178979,0.11214528266032361,0.9937,model,unchanged,none
shrinkage=1,us_house,state:13|district:cong_14,GA,14.0,0.42751112871732516,0.11214528266032361,0.2561,model,unchanged,none
shrinkage=1,us_house,state:15|district:cong_01,HI,1.0,0.7817367390010308,0.11214528266032361,0.9935,model,unchanged,none
shrinkage=1,us_house,state:15|district:cong_02,HI,2.0,0.7652008574775098,0.11214528266032361,0.99065,model,unchanged,none
shrinkage=1,us_house,state:19|district:cong_01,IA,1.0,0.504540303641702,0.11214528266032361,0.51345,model,unchanged,none
shrinkage=1,us_house,state:19|district:cong_02,IA,2.0,0.46248244609816574,0.11214528266032361,0.36345,model,unchanged,none
shrinkage=1,us_house,state:19|district:cong_03,IA,3.0,0.4947164073442318,0.11214528266032361,0.4772,model,unchanged,none
shrinkage=1,us_house,state:19|district:cong_04,IA,4.0,0.41212976249805433,0.11214528266032361,0.212,model,unchanged,none
shrinkage=1,us_house,state:16|district:cong_01,ID,1.0,0.37760920737353587,0.11214528266032361,0.13435,model,unchanged,none
shrinkage=1,us_house,state:16|district:cong_02,ID,2.0,0.4162271941617071,0.11214528266032361,0.22825,model,unchanged,none
shrinkage=1,us_house,state:17|district:cong_01,IL,1.0,0.7494123866028698,0.11214528266032361,0.9876,model,unchanged,none
shrinkage=1,us_house,state:17|district:cong_02,IL,2.0,0.7586301056953656,0.11214528266032361,0.98895,model,unchanged,none
shrinkage=1,us_house,state:17|district:cong_03,IL,3.0,0.7571659006033001,0.11214528266032361,0.98805,model,unchanged,none
shrinkage=1,us_house,state:17|district:cong_04,IL,4.0,0.7783535581688487,0.11214528266032361,0.99355,model,unchanged,none
shrinkage=1,us_house,state:17|district:cong_05,IL,5.0,0.7662451044985377,0.11214528266032361,0.9911,model,unchanged,none
shrinkage=1,us_house,state:17|district:cong_06,IL,6.0,0.6865656910161998,0.11214528266032361,0.95305,model,unchanged,none
shrinkage=1,us_house,state:17|district:cong_07,IL,7.0,0.8435639241033804,0.11214528266032361,0.9988,model,unchanged,none
shrinkage=1,us_house,state:17|district:cong_08,IL,8.0,0.7019338732048562,0.11214528266032361,0.96265,model,unchanged,none
shrinkage=1,us_house,state:17|district:cong_09,IL,9.0,0.7631040586987393,0.11214528266032361,0.98975,model,unchanged,none
shrinkage=1,us_house,state:17|district:cong_10,IL,10.0,0.7177072014249126,0.11214528266032361,0.9741,model,unchanged,none
shrinkage=1,us_house,state:17|district:cong_11,IL,11.0,0.6940299172603651,0.11214528266032361,0.9578,model,unchanged,none
shrinkage=1,us_house,state:17|district:cong_12,IL,12.0,0.3744894731554926,0.11214528266032361,0.13,model,unchanged,none
shrinkage=1,us_house,state:17|district:cong_13,IL,13.0,0.7076385496304753,0.11214528266032361,0.967,model,unchanged,none
shrinkage=1,us_house,state:17|district:cong_14,IL,14.0,0.6913997512224912,0.11214528266032361,0.95565,model,unchanged,none
shrinkage=1,us_house,state:17|district:cong_15,IL,15.0,0.23520275271463725,0.11214528266032361,0.0089,model,unchanged,none
shrinkage=1,us_house,state:17|district:cong_16,IL,16.0,0.23520275271463725,0.11214528266032361,0.00865,model,unchanged,none
shrinkage=1,us_house,state:17|district:cong_17,IL,17.0,0.6877437610228077,0.11214528266032361,0.9525,model,unchanged,none
shrinkage=1,us_house,state:18|district:cong_01,IN,1.0,0.6871499955284082,0.11214528266032361,0.9544,model,unchanged,none
shrinkage=1,us_house,state:18|district:cong_02,IN,2.0,0.4270748147921953,0.11214528266032361,0.25475,model,unchanged,none
shrinkage=1,us_house,state:18|district:cong_03,IN,3.0,0.41097186199682234,0.11214528266032361,0.20665,model,unchanged,none
shrinkage=1,us_house,state:18|district:cong_04,IN,4.0,0.4095287508181974,0.11214528266032361,0.20625,model,unchanged,none
shrinkage=1,us_house,state:18|district:cong_05,IN,5.0,0.45206735621604416,0.11214528266032361,0.33295,model,unchanged,none
shrinkage=1,us_house,state:18|district:cong_06,IN,6.0,0.41410859597582333,0.11214528266032361,0.22115,model,unchanged,none
shrinkage=1,us_house,state:18|district:cong_07,IN,7.0,0.7731054928165417,0.11214528266032361,0.99255,model,unchanged,none
shrinkage=1,us_house,state:18|district:cong_08,IN,8.0,0.3983774676158338,0.11214528266032361,0.1803,model,unchanged,none
shrinkage=1,us_house,state:18|district:cong_09,IN,9.0,0.4172040723135811,0.11214528266032361,0.22365,model,unchanged,none
shrinkage=1,us_house,state:20|district:cong_01,KS,1.0,0.4017764459062802,0.11214528266032361,0.18405,model,unchanged,none
shrinkage=1,us_house,state:20|district:cong_02,KS,2.0,0.4515995115413383,0.11214528266032361,0.33325,model,unchanged,none
shrinkage=1,us_house,state:20|district:cong_03,KS,3.0,0.6940976739174989,0.11214528266032361,0.9581,model,unchanged,none
shrinkage=1,us_house,state:20|district:cong_04,KS,4.0,0.4238355932129344,0.11214528266032361,0.24485,model,unchanged,none
shrinkage=1,us_house,state:21|district:cong_01,KY,1.0,0.3716654762208222,0.11214528266032361,0.1292,model,unchanged,none
shrinkage=1,us_house,state:21|district:cong_02,KY,2.0,0.3803778015680076,0.11214528266032361,0.14355,model,unchanged,none
shrinkage=1,us_house,state:21|district:cong_03,KY,3.0,0.7283827656400405,0.11214528266032361,0.9801,model,unchanged,none
shrinkage=1,us_house,state:21|district:cong_04,KY,4.0,0.23520275271463725,0.11214528266032361,0.00885,model,unchanged,none
shrinkage=1,us_house,state:21|district:cong_05,KY,5.0,0.23520275271463725,0.11214528266032361,0.0095,model,unchanged,none
shrinkage=1,us_house,state:21|district:cong_06,KY,6.0,0.4346981836966663,0.11214528266032361,0.2823,model,unchanged,none
shrinkage=1,us_house,state:22|district:cong_01,LA,1.0,0.44688718430183444,0.1450431555000947,0.3537,fallback_state_lean,redrawn,active
shrinkage=1,us_house,state:22|district:cong_02,LA,2.0,0.6056786165011374,0.1450431555000947,0.76865,fallback_state_lean,redrawn,active
shrinkage=1,us_house,state:22|district:cong_03,LA,3.0,0.44688718430183444,0.1450431555000947,0.3563,fallback_state_lean,redrawn,active
shrinkage=1,us_house,state:22|district:cong_04,LA,4.0,0.44688718430183444,0.1450431555000947,0.3574,fallback_state_lean,redrawn,active
shrinkage=1,us_house,state:22|district:cong_05,LA,5.0,0.44688718430183444,0.1450431555000947,0.35565,fallback_state_lean,redrawn,active
shrinkage=1,us_house,state:22|district:cong_06,LA,6.0,0.6056786165011374,0.1450431555000947,0.7669,fallback_state_lean,redrawn,active
shrinkage=1,us_house,state:25|district:cong_01,MA,1.0,0.9337131598699475,0.11214528266032361,0.99985,model,unchanged,none
shrinkage=1,us_house,state:25|district:cong_02,MA,2.0,0.9337131598699475,0.11214528266032361,0.99995,model,unchanged,none
shrinkage=1,us_house,state:25|district:cong_03,MA,3.0,0.9337131598699475,0.11214528266032361,1.0,model,unchanged,none
shrinkage=1,us_house,state:25|district:cong_04,MA,4.0,0.9337131598699475,0.11214528266032361,0.99985,model,unchanged,none
shrinkage=1,us_house,state:25|district:cong_05,MA,5.0,0.9337131598699475,0.11214528266032361,1.0,model,unchanged,none
shrinkage=1,us_house,state:25|district:cong_06,MA,6.0,0.9337131598699475,0.11214528266032361,0.9999,model,unchanged,none
shrinkage=1,us_house,state:25|district:cong_07,MA,7.0,0.9337131598699475,0.11214528266032361,0.99995,model,unchanged,none
shrinkage=1,us_house,state:25|district:cong_08,MA,8.0,0.7749304121070769,0.11214528266032361,0.99335,model,unchanged,none
shrinkage=1,us_house,state:25|district:cong_09,MA,9.0,0.699032941982635,0.11214528266032361,0.96195,model,unchanged,none
shrinkage=1,us_house,state:24|district:cong_01,MD,1.0,0.4436248808639088,0.11214528266032361,0.3065,model,unchanged,none
shrinkage=1,us_house,state:24|district:cong_02,MD,2.0,0.7153434794638173,0.11214528266032361,0.9721,model,unchanged,none
shrinkage=1,us_house,state:24|district:cong_03,MD,3.0,0.7233370439650137,0.11214528266032361,0.9771,model,unchanged,none
shrinkage=1,us_house,state:24|district:cong_04,MD,4.0,0.8728481287153086,0.11214528266032361,0.99965,model,unchanged,none
shrinkage=1,us_house,state:24|district:cong_05,MD,5.0,0.7605485185842303,0.11214528266032361,0.9903,model,unchanged,none
shrinkage=1,us_house,state:24|district:cong_06,MD,6.0,0.6809560771981807,0.11214528266032361,0.9484,model,unchanged,none
shrinkage=1,us_house,state:24|district:cong_07,MD,7.0,0.8386215079430483,0.11214528266032361,0.9986,model,unchanged,none
shrinkage=1,us_house,state:24|district:cong_08,MD,8.0,0.8201717366778923,0.11214528266032361,0.9979,model,unchanged,none
shrinkage=1,us_house,state:23|district:cong_01,ME,1.0,0.7338206223939052,0.11214528266032361,0.98045,model,unchanged,none
shrinkage=1,us_house,state:23|district:cong_02,ME,2.0,0.6657184508194954,0.11214528266032361,0.92845,model,unchanged,none
shrinkage=1,us_house,state:26|district:cong_01,MI,1.0,0.44602943955601954,0.11214528266032361,0.3108,model,unchanged,none
shrinkage=1,us_house,state:26|district:cong_02,MI,2.0,0.4118494512079172,0.11214528266032361,0.2128,model,unchanged,none
shrinkage=1,us_house,state:26|district:cong_03,MI,3.0,0.6912428332435269,0.11214528266032361,0.95635,model,unchanged,none
shrinkage=1,us_house,state:26|district:cong_04,MI,4.0,0.4729672917713789,0.11214528266032361,0.4051,model,unchanged,none
shrinkage=1,us_house,state:26|district:cong_05,MI,5.0,0.4148188177536402,0.11214528266032361,0.2189,model,unchanged,none
shrinkage=1,us_house,state:26|district:cong_06,MI,6.0,0.7390182093707202,0.11214528266032361,0.9836,model,unchanged,none
shrinkage=1,us_house,state:26|district:cong_07,MI,7.0,0.49470306590158225,0.11214528266032361,0.4808,model,unchanged,none
shrinkage=1,us_house,state:26|district:cong_08,MI,8.0,0.6825425133920195,0.11214528266032361,0.94785,model,unchanged,none
shrinkage=1,us_house,state:26|district:cong_09,MI,9.0,0.4006133851372417,0.11214528266032361,0.18745,model,unchanged,none
shrinkage=1,us_house,state:26|district:cong_10,MI,10.0,0.48785011622859625,0.11214528266032361,0.4562,model,unchanged,none
shrinkage=1,us_house,state:26|district:cong_11,MI,11.0,0.7151809946978521,0.11214528266032361,0.97245,model,unchanged,none
shrinkage=1,us_house,state:26|district:cong_12,MI,12.0,0.7893746488832567,0.11214528266032361,0.9952,model,unchanged,none
shrinkage=1,us_house,state:26|district:cong_13,MI,13.0,0.7915967375660046,0.11214528266032361,0.99635,model,unchanged,none
shrinkage=1,us_house,state:27|district:cong_01,MN,1.0,0.4588912233079669,0.11214528266032361,0.35665,model,unchanged,none
shrinkage=1,us_house,state:27|district:cong_02,MN,2.0,0.7010364268083995,0.11214528266032361,0.96315,model,unchanged,none
shrinkage=1,us_house,state:27|district:cong_03,MN,3.0,0.7097126198665688,0.11214528266032361,0.9692,model,unchanged,none
shrinkage=1,us_house,state:27|district:cong_04,MN,4.0,0.7575834600853194,0.11214528266032361,0.9888,model,unchanged,none
shrinkage=1,us_house,state:27|district:cong_05,MN,5.0,0.7997263884617073,0.11214528266032361,0.9963,model,unchanged,none
shrinkage=1,us_house,state:27|district:cong_06,MN,6.0,0.4374181350286373,0.11214528266032361,0.2831,model,unchanged,none
shrinkage=1,us_house,state:27|district:cong_07,MN,7.0,0.3942901842255101,0.11214528266032361,0.17275,model,unchanged,none
shrinkage=1,us_house,state:27|district:cong_08,MN,8.0,0.46164224573761664,0.11214528266032361,0.36285,model,unchanged,none
shrinkage=1,us_house,state:29|district:cong_01,MO,1.0,0.8285632787828892,0.11214528266032361,0.99805,model,unchanged,active
shrinkage=1,us_house,state:29|district:cong_02,MO,2.0,0.4716866942419317,0.11214528266032361,0.398,model,unchanged,active
shrinkage=1,us_house,state:29|district:cong_03,MO,3.0,0.4324016308389927,0.11214528266032361,0.27535,model,unchanged,active
shrinkage=1,us_house,state:29|district:cong_04,MO,4.0,0.38141960530586,0.11214528266032361,0.14145,model,unchanged,active
shrinkage=1,us_house,state:29|district:cong_05,MO,5.0,0.7302493487211997,0.11214528266032361,0.9806,model,unchanged,active
shrinkage=1,us_house,state:29|district:cong_06,MO,6.0,0.38405512049255036,0.11214528266032361,0.14825,model,unchanged,active
shrinkage=1,us_house,state:29|district:cong_07,MO,7.0,0.3801557031610922,0.11214528266032361,0.14105,model,unchanged,active
shrinkage=1,us_house,state:29|district:cong_08,MO,8.0,0.3553199178642197,0.11214528266032361,0.0948,model,unchanged,active
shrinkage=1,us_house,state:28|district:cong_01,MS,1.0,0.39814838793228974,0.11214528266032361,0.18,model,unchanged,none
shrinkage=1,us_house,state:28|district:cong_02,MS,2.0,0.7287019493550395,0.11214528266032361,0.98065,model,unchanged,none
shrinkage=1,us_house,state:28|district:cong_03,MS,3.0,0.23520275271463725,0.11214528266032361,0.00905,model,unchanged,none
shrinkage=1,us_house,state:28|district:cong_04,MS,4.0,0.3758003009031214,0.11214528266032361,0.13295,model,unchanged,none
shrinkage=1,us_house,state:30|district:cong_01,MT,1.0,0.48367995940570124,0.11214528266032361,0.43985,model,unchanged,none
shrinkage=1,us_house,state:30|district:cong_02,MT,2.0,0.41876146109276896,0.11214528266032361,0.23475,model,unchanged,none
shrinkage=1,us_house,state:37|district:cong_01,NC,1.0,0.6572119034151523,0.1450431555000947,0.86065,fallback_state_lean,redrawn,none
shrinkage=1,us_house,state:37|district:cong_02,NC,2.0,0.6572119034151523,0.1450431555000947,0.8617,fallback_state_lean,redrawn,none
shrinkage=1,us_house,state:37|district:cong_03,NC,3.0,0.49842047121584937,0.1450431555000947,0.49265,fallback_state_lean,redrawn,none
shrinkage=1,us_house,state:37|district:cong_04,NC,4.0,0.6572119034151523,0.1450431555000947,0.861,fallback_state_lean,redrawn,none
shrinkage=1,us_house,state:37|district:cong_05,NC,5.0,0.49842047121584937,0.1450431555000947,0.4921,fallback_state_lean,redrawn,none
shrinkage=1,us_house,state:37|district:cong_06,NC,6.0,0.49842047121584937,0.1450431555000947,0.49465,fallback_state_lean,redrawn,none
shrinkage=1,us_house,state:37|district:cong_07,NC,7.0,0.49842047121584937,0.1450431555000947,0.4953,fallback_state_lean,redrawn,none
shrinkage=1,us_house,state:37|district:cong_08,NC,8.0,0.49842047121584937,0.1450431555000947,0.49635,fallback_state_lean,redrawn,none
shrinkage=1,us_house,state:37|district:cong_09,NC,9.0,0.49842047121584937,0.1450431555000947,0.49225,fallback_state_lean,redrawn,none
shrinkage=1,us_house,state:37|district:cong_10,NC,10.0,0.49842047121584937,0.1450431555000947,0.4956,fallback_state_lean,redrawn,none
shrinkage=1,us_house,state:37|district:cong_11,NC,11.0,0.49842047121584937,0.1450431555000947,0.49235,fallback_state_lean,redrawn,none
shrinkage=1,us_house,state:37|district:cong_12,NC,12.0,0.6572119034151523,0.1450431555000947,0.8592,fallback_state_lean,redrawn,none
shrinkage=1,us_house,state:37|district:cong_13,NC,13.0,0.49842047121584937,0.1450431555000947,0.4911,fallback_state_lean,redrawn,none
shrinkage=1,us_house,state:37|district:cong_14,NC,14.0,0.49842047121584937,0.1450431555000947,0.49385,fallback_state_lean,redrawn,none
shrinkage=1,us_house,state:38|district:cong_00,ND,0.0,0.39972627657915294,0.11214528266032361,0.18225,model,unchanged,none
shrinkage=1,us_house,state:31|district:cong_01,NE,1.0,0.45052858403414936,0.11214528266032361,0.32595,model,unchanged,none
shrinkage=1,us_house,state:31|district:cong_02,NE,2.0,0.5000616808443645,0.11214528266032361,0.4997,model,unchanged,none
shrinkage=1,us_house,state:31|district:cong_03,NE,3.0,0.34088868672423145,0.11214528266032361,0.0749,model,unchanged,none
shrinkage=1,us_house,state:33|district:cong_01,NH,1.0,0.6856291988416983,0.11214528266032361,0.9521,model,unchanged,none
shrinkage=1,us_house,state:33|district:cong_02,NH,2.0,0.6799533227773186,0.11214528266032361,0.9465,model,unchanged,none
shrinkage=1,us_house,state:34|district:cong_01,NJ,1.0,0.7130719818511085,0.11214528266032361,0.9701,model,unchanged,none
shrinkage=1,us_house,state:34|district:cong_02,NJ,2.0,0.45912156952461,0.11214528266032361,0.35325,model,unchanged,none
shrinkage=1,us_house,state:34|district:cong_03,NJ,3.0,0.687520714401466,0.11214528266032361,0.95245,model,unchanged,none
shrinkage=1,us_house,state:34|district:cong_04,NJ,4.0,0.4077157112666716,0.11214528266032361,0.20155,model,unchanged,none
shrinkage=1,us_house,state:34|district:cong_05,NJ,5.0,0.6949616940077314,0.11214528266032361,0.959,model,unchanged,none
shrinkage=1,us_house,state:34|district:cong_06,NJ,6.0,0.7078689516804524,0.11214528266032361,0.96665,model,unchanged,none
shrinkage=1,us_house,state:34|district:cong_07,NJ,7.0,0.49020631464732595,0.11214528266032361,0.46105,model,unchanged,none
shrinkage=1,us_house,state:34|district:cong_08,NJ,8.0,0.7344405845868719,0.11214528266032361,0.98155,model,unchanged,none
shrinkage=1,us_house,state:34|district:cong_09,NJ,9.0,0.6775121231051005,0.11214528266032361,0.942,model,unchanged,none
shrinkage=1,us_house,state:34|district:cong_10,NJ,10.0,0.8095155884097315,0.11214528266032361,0.99735,model,unchanged,none
shrinkage=1,us_house,state:34|district:cong_11,NJ,11.0,0.7043020293900405,0.11214528266032361,0.9644,model,unchanged,none
shrinkage=1,us_house,state:34|district:cong_12,NJ,12.0,0.7322857556225014,0.11214528266032361,0.98155,model,unchanged,none
shrinkage=1,us_house,state:35|district:cong_01,NM,1.0,0.6982265097884854,0.11214528266032361,0.96,model,unchanged,none
shrinkage=1,us_house,state:35|district:cong_02,NM,2.0,0.6750743396033223,0.11214528266032361,0.94,model,unchanged,none
shrinkage=1,us_house,state:35|district:cong_03,NM,3.0,0.6977766249500954,0.11214528266032361,0.9612,model,unchanged,none
shrinkage=1,us_house,state:32|district:cong_01,NV,1.0,0.684846641653919,0.11214528266032361,0.9484,model,unchanged,none
shrinkage=1,us_house,state:32|district:cong_02,NV,2.0,0.23520275271463725,0.11214528266032361,0.00955,model,unchanged,none
shrinkage=1,us_house,state:32|district:cong_03,NV,3.0,0.6712598293089905,0.11214528266032361,0.93585,model,unchanged,none
shrinkage=1,us_house,state:32|district:cong_04,NV,4.0,0.6862997000373183,0.11214528266032361,0.95145,model,unchanged,none
shrinkage=1,us_house,state:36|district:cong_01,NY,1.0,0.47533638174730447,0.11214528266032361,0.4092,model,unchanged,none
shrinkage=1,us_house,state:36|district:cong_02,NY,2.0,0.4471732653329277,0.11214528266032361,0.3132,model,unchanged,none
shrinkage=1,us_house,state:36|district:cong_03,NY,3.0,0.48474527168533027,0.11214528266032361,0.446,model,unchanged,none
shrinkage=1,us_house,state:36|district:cong_04,NY,4.0,0.49536990977381606,0.11214528266032361,0.48635,model,unchanged,none
shrinkage=1,us_house,state:36|district:cong_05,NY,5.0,0.7999256281068635,0.11214528266032361,0.9965,model,unchanged,none
shrinkage=1,us_house,state:36|district:cong_06,NY,6.0,0.7391677328673291,0.11214528266032361,0.9835,model,unchanged,none
shrinkage=1,us_house,state:36|district:cong_07,NY,7.0,0.8294763561499708,0.11214528266032361,0.99835,model,unchanged,none
shrinkage=1,us_house,state:36|district:cong_08,NY,8.0,0.7811029400060304,0.11214528266032361,0.9927,model,unchanged,none
shrinkage=1,us_house,state:36|district:cong_09,NY,9.0,0.9337131598699475,0.11214528266032361,0.9999,model,unchanged,none
shrinkage=1,us_house,state:36|district:cong_10,NY,10.0,0.8510135502186521,0.11214528266032361,0.99915,model,unchanged,none
shrinkage=1,us_house,state:36|district:cong_11,NY,11.0,0.4415595504696988,0.11214528266032361,0.29755,model,unchanged,none
shrinkage=1,us_house,state:36|district:cong_12,NY,12.0,0.8364279463504374,0.11214528266032361,0.99845,model,unchanged,none
shrinkage=1,us_house,state:36|district:cong_13,NY,13.0,0.9337131598699475,0.11214528266032361,0.9999,model,unchanged,none
shrinkage=1,us_house,state:36|district:cong_14,NY,14.0,0.783033670192533,0.11214528266032361,0.9933,model,unchanged,none
shrinkage=1,us_house,state:36|district:cong_15,NY,15.0,0.8408319969858098,0.11214528266032361,0.9988,model,unchanged,none
shrinkage=1,us_house,state:36|district:cong_16,NY,16.0,0.7410363724807913,0.11214528266032361,0.98425,model,unchanged,none
shrinkage=1,us_house,state:36|district:cong_17,NY,17.0,0.5033406183922695,0.11214528266032361,0.50905,model,unchanged,none
shrinkage=1,us_house,state:36|district:cong_18,NY,18.0,0.6674855290526195,0.11214528266032361,0.93345,model,unchanged,none
shrinkage=1,us_house,state:36|district:cong_19,NY,19.0,0.5008432365433673,0.11214528266032361,0.50185,model,unchanged,none
shrinkage=1,us_house,state:36|district:cong_20,NY,20.0,0.6912306681400239,0.11214528266032361,0.95595,model,unchanged,none
shrinkage=1,us_house,state:36|district:cong_21,NY,21.0,0.4513885829919942,0.11214528266032361,0.3296,model,unchanged,none
shrinkage=1,us_house,state:36|district:cong_22,NY,22.0,0.502417495181132,0.11214528266032361,0.50315,model,unchanged,none
shrinkage=1,us_house,state:36|district:cong_23,NY,23.0,0.424524810605832,0.11214528266032361,0.2463,model,unchanged,none
shrinkage=1,us_house,state:36|district:cong_24,NY,24.0,0.4203046891526573,0.11214528266032361,0.23815,model,unchanged,none
shrinkage=1,us_house,state:36|district:cong_25,NY,25.0,0.6847300785356223,0.11214528266032361,0.94865,model,unchanged,none
shrinkage=1,us_house,state:36|district:cong_26,NY,26.0,0.7392842973346174,0.11214528266032361,0.9819,model,unchanged,none
shrinkage=1,us_house,state:39|district:cong_01,OH,1.0,0.6354813353485351,0.1450431555000947,0.82545,fallback_state_lean,redrawn,none
shrinkage=1,us_house,state:39|district:cong_02,OH,2.0,0.47668990314923215,0.1450431555000947,0.4344,fallback_state_lean,redrawn,none
shrinkage=1,us_house,state:39|district:cong_03,OH,3.0,0.6354813353485351,0.1450431555000947,0.82405,fallback_state_lean,redrawn,none
shrinkage=1,us_house,state:39|district:cong_04,OH,4.0,0.47668990314923215,0.1450431555000947,0.43275,fallback_state_lean,redrawn,none
shrinkage=1,us_house,state:39|district:cong_05,OH,5.0,0.47668990314923215,0.1450431555000947,0.4339,fallback_state_lean,redrawn,none
shrinkage=1,us_house,state:39|district:cong_06,OH,6.0,0.47668990314923215,0.1450431555000947,0.4354,fallback_state_lean,redrawn,none
shrinkage=1,us_house,state:39|district:cong_07,OH,7.0,0.47668990314923215,0.1450431555000947,0.4341,fallback_state_lean,redrawn,none
shrinkage=1,us_house,state:39|district:cong_08,OH,8.0,0.47668990314923215,0.1450431555000947,0.43375,fallback_state_lean,redrawn,none
shrinkage=1,us_house,state:39|district:cong_09,OH,9.0,0.6354813353485351,0.1450431555000947,0.82095,fallback_state_lean,redrawn,none
shrinkage=1,us_house,state:39|district:cong_10,OH,10.0,0.47668990314923215,0.1450431555000947,0.4343,fallback_state_lean,redrawn,none
shrinkage=1,us_house,state:39|district:cong_11,OH,11.0,0.6354813353485351,0.1450431555000947,0.82865,fallback_state_lean,redrawn,none
shrinkage=1,us_house,state:39|district:cong_12,OH,12.0,0.47668990314923215,0.1450431555000947,0.43885,fallback_state_lean,redrawn,none
shrinkage=1,us_house,state:39|district:cong_13,OH,13.0,0.6354813353485351,0.1450431555000947,0.82365,fallback_state_lean,redrawn,none
shrinkage=1,us_house,state:39|district:cong_14,OH,14.0,0.47668990314923215,0.1450431555000947,0.43395,fallback_state_lean,redrawn,none
shrinkage=1,us_house,state:39|district:cong_15,OH,15.0,0.47668990314923215,0.1450431555000947,0.43275,fallback_state_lean,redrawn,none
shrinkage=1,us_house,state:40|district:cong_01,OK,1.0,0.4314630406977807,0.11214528266032361,0.26855,model,unchanged,none
shrinkage=1,us_house,state:40|district:cong_02,OK,2.0,0.3562423337565396,0.11214528266032361,0.09805,model,unchanged,none
shrinkage=1,us_house,state:40|district:cong_03,OK,3.0,0.37261861170850286,0.11214528266032361,0.12655,model,unchanged,none
shrinkage=1,us_house,state:40|district:cong_04,OK,4.0,0.3983615183561812,0.11214528266032361,0.1841,model,unchanged,none
shrinkage=1,us_house,state:40|district:cong_05,OK,5.0,0.4473485149507484,0.11214528266032361,0.3155,model,unchanged,none
shrinkage=1,us_house,state:41|district:cong_01,OR,1.0,0.7769197121781247,0.11214528266032361,0.9934,model,unchanged,none
shrinkage=1,us_house,state:41|district:cong_02,OR,2.0,0.41832310823388197,0.11214528266032361,0.22925,model,unchanged,none
shrinkage=1,us_house,state:41|district:cong_03,OR,3.0,0.7872217561206531,0.11214528266032361,0.9945,model,unchanged,none
shrinkage=1,us_house,state:41|district:cong_04,OR,4.0,0.6857766086849136,0.11214528266032361,0.94865,model,unchanged,none
shrinkage=1,us_house,state:41|district:cong_05,OR,5.0,0.6717980813660734,0.11214528266032361,0.9387,model,unchanged,none
shrinkage=1,us_house,state:41|district:cong_06,OR,6.0,0.6823769504472386,0.11214528266032361,0.9466,model,unchanged,none
shrinkage=1,us_house,state:42|district:cong_01,PA,1.0,0.4705035112683444,0.11214528266032361,0.3931,model,unchanged,none
shrinkage=1,us_house,state:42|district:cong_02,PA,2.0,0.7796804078362634,0.11214528266032361,0.99325,model,unchanged,none
shrinkage=1,us_house,state:42|district:cong_03,PA,3.0,0.9337131598699475,0.11214528266032361,0.9999,model,unchanged,none
shrinkage=1,us_house,state:42|district:cong_04,PA,4.0,0.7127926335444442,0.11214528266032361,0.96905,model,unchanged,none
shrinkage=1,us_house,state:42|district:cong_05,PA,5.0,0.7463685888416053,0.11214528266032361,0.987,model,unchanged,none
shrinkage=1,us_house,state:42|district:cong_06,PA,6.0,0.6973152112721193,0.11214528266032361,0.96115,model,unchanged,none
shrinkage=1,us_house,state:42|district:cong_07,PA,7.0,0.5023443349423009,0.11214528266032361,0.5093,model,unchanged,none
shrinkage=1,us_house,state:42|district:cong_08,PA,8.0,0.5006808446278599,0.11214528266032361,0.5046,model,unchanged,none
shrinkage=1,us_house,state:42|district:cong_09,PA,9.0,0.3943663585804466,0.11214528266032361,0.1665,model,unchanged,none
shrinkage=1,us_house,state:42|district:cong_10,PA,10.0,0.501650453647227,0.11214528266032361,0.50325,model,unchanged,none
shrinkage=1,us_house,state:42|district:cong_11,PA,11.0,0.4354543863872237,0.11214528266032361,0.28335,model,unchanged,none
shrinkage=1,us_house,state:42|district:cong_12,PA,12.0,0.6984597536830294,0.11214528266032361,0.96,model,unchanged,none
shrinkage=1,us_house,state:42|district:cong_13,PA,13.0,0.3744528865174632,0.11214528266032361,0.13055,model,unchanged,none
shrinkage=1,us_house,state:42|district:cong_14,PA,14.0,0.4156133607496547,0.11214528266032361,0.21795,model,unchanged,none
shrinkage=1,us_house,state:42|district:cong_15,PA,15.0,0.38920793043153984,0.11214528266032361,0.1626,model,unchanged,none
shrinkage=1,us_house,state:42|district:cong_16,PA,16.0,0.43137558117427593,0.11214528266032361,0.2667,model,unchanged,none
shrinkage=1,us_house,state:42|district:cong_17,PA,17.0,0.684771258159078,0.11214528266032361,0.9502,model,unchanged,none
shrinkage=1,us_house,state:44|district:cong_01,RI,1.0,0.7519811745379634,0.11214528266032361,0.9868,model,unchanged,none
shrinkage=1,us_house,state:44|district:cong_02,RI,2.0,0.7090917414099253,0.11214528266032361,0.9679,model,unchanged,none
shrinkage=1,us_house,state:45|district:cong_01,SC,1.0,0.4601506879960064,0.11214528266032361,0.35945,model,unchanged,none
shrinkage=1,us_house,state:45|district:cong_02,SC,2.0,0.45289509496125774,0.11214528266032361,0.333,model,unchanged,none
shrinkage=1,us_house,state:45|district:cong_03,SC,3.0,0.3760540798602212,0.11214528266032361,0.13375,model,unchanged,none
shrinkage=1,us_house,state:45|district:cong_04,SC,4.0,0.44244434975751407,0.11214528266032361,0.3001,model,unchanged,none
shrinkage=1,us_house,state:45|district:cong_05,SC,5.0,0.4316151466192411,0.11214528266032361,0.2712,model,unchanged,none
shrinkage=1,us_house,state:45|district:cong_06,SC,6.0,0.7277365009042086,0.11214528266032361,0.9787,model,unchanged,none
shrinkage=1,us_house,state:45|district:cong_07,SC,7.0,0.4242141332662476,0.11214528266032361,0.24415,model,unchanged,none
shrinkage=1,us_house,state:46|district:cong_00,SD,0.0,0.3860840244050163,0.11214528266032361,0.1517,model,unchanged,none
shrinkage=1,us_house,state:47|district:cong_01,TN,1.0,0.4259350809471809,0.1450431555000947,0.30625,fallback_state_lean,redrawn,active
shrinkage=1,us_house,state:47|district:cong_02,TN,2.0,0.4259350809471809,0.1450431555000947,0.3048,fallback_state_lean,redrawn,active
shrinkage=1,us_house,state:47|district:cong_03,TN,3.0,0.4259350809471809,0.1450431555000947,0.30415,fallback_state_lean,redrawn,active
shrinkage=1,us_house,state:47|district:cong_04,TN,4.0,0.4259350809471809,0.1450431555000947,0.30195,fallback_state_lean,redrawn,active
shrinkage=1,us_house,state:47|district:cong_05,TN,5.0,0.4259350809471809,0.1450431555000947,0.3012,fallback_state_lean,redrawn,active
shrinkage=1,us_house,state:47|district:cong_06,TN,6.0,0.4259350809471809,0.1450431555000947,0.3058,fallback_state_lean,redrawn,active
shrinkage=1,us_house,state:47|district:cong_07,TN,7.0,0.4259350809471809,0.1450431555000947,0.30335,fallback_state_lean,redrawn,active
shrinkage=1,us_house,state:47|district:cong_08,TN,8.0,0.4259350809471809,0.1450431555000947,0.30415,fallback_state_lean,redrawn,active
shrinkage=1,us_house,state:47|district:cong_09,TN,9.0,0.5847265131464838,0.1450431555000947,0.7234,fallback_state_lean,redrawn,active
shrinkage=1,us_house,state:48|district:cong_01,TX,1.0,0.4697684434575872,0.1450431555000947,0.41545,fallback_state_lean,redrawn,none
shrinkage=1,us_house,state:48|district:cong_02,TX,2.0,0.4697684434575872,0.1450431555000947,0.4178,fallback_state_lean,redrawn,none
shrinkage=1,us_house,state:48|district:cong_03,TX,3.0,0.4697684434575872,0.1450431555000947,0.41785,fallback_state_lean,redrawn,none
shrinkage=1,us_house,state:48|district:cong_04,TX,4.0,0.4697684434575872,0.1450431555000947,0.41905,fallback_state_lean,redrawn,none
shrinkage=1,us_house,state:48|district:cong_05,TX,5.0,0.4697684434575872,0.1450431555000947,0.41365,fallback_state_lean,redrawn,none
shrinkage=1,us_house,state:48|district:cong_06,TX,6.0,0.4697684434575872,0.1450431555000947,0.414,fallback_state_lean,redrawn,none
shrinkage=1,us_house,state:48|district:cong_07,TX,7.0,0.6285598756568902,0.1450431555000947,0.8129,fallback_state_lean,redrawn,none
shrinkage=1,us_house,state:48|district:cong_08,TX,8.0,0.4697684434575872,0.1450431555000947,0.41095,fallback_state_lean,redrawn,none
shrinkage=1,us_house,state:48|district:cong_09,TX,9.0,0.6285598756568902,0.1450431555000947,0.81185,fallback_state_lean,redrawn,none
shrinkage=1,us_house,state:48|district:cong_10,TX,10.0,0.4697684434575872,0.1450431555000947,0.41585,fallback_state_lean,redrawn,none
shrinkage=1,us_house,state:48|district:cong_11,TX,11.0,0.4697684434575872,0.1450431555000947,0.41905,fallback_state_lean,redrawn,none
shrinkage=1,us_house,state:48|district:cong_12,TX,12.0,0.4697684434575872,0.1450431555000947,0.41245,fallback_state_lean,redrawn,none
shrinkage=1,us_house,state:48|district:cong_13,TX,13.0,0.4697684434575872,0.1450431555000947,0.4177,fallback_state_lean,redrawn,none
shrinkage=1,us_house,state:48|district:cong_14,TX,14.0,0.4697684434575872,0.1450431555000947,0.4152,fallback_state_lean,redrawn,none
shrinkage=1,us_house,state:48|district:cong_15,TX,15.0,0.4697684434575872,0.1450431555000947,0.4173,fallback_state_lean,redrawn,none
shrinkage=1,us_house,state:48|district:cong_16,TX,16.0,0.6285598756568902,0.1450431555000947,0.8115,fallback_state_lean,redrawn,none
shrinkage=1,us_house,state:48|district:cong_17,TX,17.0,0.4697684434575872,0.1450431555000947,0.4131,fallback_state_lean,redrawn,none
shrinkage=1,us_house,state:48|district:cong_18,TX,18.0,0.6285598756568902,0.1450431555000947,0.8084,fallback_state_lean,redrawn,none
shrinkage=1,us_house,state:48|district:cong_19,TX,19.0,0.4697684434575872,0.1450431555000947,0.41725,fallback_state_lean,redrawn,none
shrinkage=1,us_house,state:48|district:cong_20,TX,20.0,0.6285598756568902,0.1450431555000947,0.8128,fallback_state_lean,redrawn,none
shrinkage=1,us_house,state:48|district:cong_21,TX,21.0,0.4697684434575872,0.1450431555000947,0.4166,fallback_state_lean,redrawn,none
shrinkage=1,us_house,state:48|district:cong_22,TX,22.0,0.4697684434575872,0.1450431555000947,0.41735,fallback_state_lean,redrawn,none
shrinkage=1,us_house,state:48|district:cong_23,TX,23.0,0.4697684434575872,0.1450431555000947,0.41505,fallback_state_lean,redrawn,none
shrinkage=1,us_house,state:48|district:cong_24,TX,24.0,0.4697684434575872,0.1450431555000947,0.41805,fallback_state_lean,redrawn,none
shrinkage=1,us_house,state:48|district:cong_25,TX,25.0,0.46976844345758734,0.1450431555000947,0.41465,fallback_state_lean,redrawn,none
shrinkage=1,us_house,state:48|district:cong_26,TX,26.0,0.46976844345758734,0.1450431555000947,0.41945,fallback_state_lean,redrawn,none
shrinkage=1,us_house,state:48|district:cong_27,TX,27.0,0.46976844345758734,0.1450431555000947,0.41375,fallback_state_lean,redrawn,none
shrinkage=1,us_house,state:48|district:cong_28,TX,28.0,0.6285598756568902,0.1450431555000947,0.81065,fallback_state_lean,redrawn,none
shrinkage=1,us_house,state:48|district:cong_29,TX,29.0,0.6285598756568902,0.1450431555000947,0.8089,fallback_state_lean,redrawn,none
shrinkage=1,us_house,state:48|district:cong_30,TX,30.0,0.6285598756568902,0.1450431555000947,0.80935,fallback_state_lean,redrawn,none
shrinkage=1,us_house,state:48|district:cong_31,TX,31.0,0.46976844345758734,0.1450431555000947,0.41575,fallback_state_lean,redrawn,none
shrinkage=1,us_house,state:48|district:cong_32,TX,32.0,0.6285598756568902,0.1450431555000947,0.8132,fallback_state_lean,redrawn,none
shrinkage=1,us_house,state:48|district:cong_33,TX,33.0,0.6285598756568902,0.1450431555000947,0.8096,fallback_state_lean,redrawn,none
shrinkage=1,us_house,state:48|district:cong_34,TX,34.0,0.6285598756568902,0.1450431555000947,0.8126,fallback_state_lean,redrawn,none
shrinkage=1,us_house,state:48|district:cong_35,TX,35.0,0.6285598756568902,0.1450431555000947,0.81155,fallback_state_lean,redrawn,none
shrinkage=1,us_house,state:48|district:cong_36,TX,36.0,0.46976844345758734,0.1450431555000947,0.413,fallback_state_lean,redrawn,none
shrinkage=1,us_house,state:48|district:cong_37,TX,37.0,0.6285598756568902,0.1450431555000947,0.8123,fallback_state_lean,redrawn,none
shrinkage=1,us_house,state:48|district:cong_38,TX,38.0,0.46976844345758734,0.1450431555000947,0.41475,fallback_state_lean,redrawn,none
shrinkage=1,us_house,state:49|district:cong_01,UT,1.0,0.4472820469823544,0.1450431555000947,0.35375,fallback_state_lean,redrawn,none
shrinkage=1,us_house,state:49|district:cong_02,UT,2.0,0.4472820469823544,0.1450431555000947,0.35705,fallback_state_lean,redrawn,none
shrinkage=1,us_house,state:49|district:cong_03,UT,3.0,0.4472820469823544,0.1450431555000947,0.35525,fallback_state_lean,redrawn,none
shrinkage=1,us_house,state:49|district:cong_04,UT,4.0,0.4472820469823544,0.1450431555000947,0.35735,fallback_state_lean,redrawn,none
shrinkage=1,us_house,state:51|district:cong_01,VA,1.0,0.47051179081676814,0.11214528266032361,0.3972,model,unchanged,none
shrinkage=1,us_house,state:51|district:cong_02,VA,2.0,0.4944432611773701,0.11214528266032361,0.47705,model,unchanged,none
shrinkage=1,us_house,state:51|district:cong_03,VA,3.0,0.7723429890850025,0.11214528266032361,0.99285,model,unchanged,none
shrinkage=1,us_house,state:51|district:cong_04,VA,4.0,0.7582514500300732,0.11214528266032361,0.9909,model,unchanged,none
shrinkage=1,us_house,state:51|district:cong_05,VA,5.0,0.46441780929040105,0.11214528266032361,0.3745,model,unchanged,none
shrinkage=1,us_house,state:51|district:cong_06,VA,6.0,0.4269770403897308,0.11214528266032361,0.2615,model,unchanged,none
shrinkage=1,us_house,state:51|district:cong_07,VA,7.0,0.670998239837182,0.11214528266032361,0.93635,model,unchanged,none
shrinkage=1,us_house,state:51|district:cong_08,VA,8.0,0.7953358964848951,0.11214528266032361,0.99665,model,unchanged,none
shrinkage=1,us_house,state:51|district:cong_09,VA,9.0,0.38296585026452856,0.11214528266032361,0.1488,model,unchanged,none
shrinkage=1,us_house,state:51|district:cong_10,VA,10.0,0.6761755203112213,0.11214528266032361,0.9448,model,unchanged,none
shrinkage=1,us_house,state:51|district:cong_11,VA,11.0,0.7555361484208543,0.11214528266032361,0.9883,model,unchanged,none
shrinkage=1,us_house,state:50|district:cong_00,VT,0.0,0.7590984432280192,0.11214528266032361,0.9897,model,unchanged,none
shrinkage=1,us_house,state:53|district:cong_01,WA,1.0,0.7348720906228313,0.11214528266032361,0.98125,model,unchanged,none
shrinkage=1,us_house,state:53|district:cong_02,WA,2.0,0.7395756482782756,0.11214528266032361,0.9841,model,unchanged,none
shrinkage=1,us_house,state:53|district:cong_03,WA,3.0,0.6743573394680629,0.11214528266032361,0.9362,model,unchanged,none
shrinkage=1,us_house,state:53|district:cong_04,WA,4.0,0.2352027527146373,0.11214528266032361,0.0087,model,unchanged,none
shrinkage=1,us_house,state:53|district:cong_05,WA,5.0,0.44754857000227255,0.11214528266032361,0.32,model,unchanged,none
shrinkage=1,us_house,state:53|district:cong_06,WA,6.0,0.70063824254861,0.11214528266032361,0.9621,model,unchanged,none
shrinkage=1,us_house,state:53|district:cong_07,WA,7.0,0.8483136900377664,0.11214528266032361,0.99915,model,unchanged,none
shrinkage=1,us_house,state:53|district:cong_08,WA,8.0,0.6859034412938072,0.11214528266032361,0.94995,model,unchanged,none
shrinkage=1,us_house,state:53|district:cong_09,WA,9.0,0.9337131598699475,0.11214528266032361,0.9999,model,unchanged,none
shrinkage=1,us_house,state:53|district:cong_10,WA,10.0,0.7106716789976939,0.11214528266032361,0.9677,model,unchanged,none
shrinkage=1,us_house,state:55|district:cong_01,WI,1.0,0.47693962253427524,0.11214528266032361,0.41665,model,unchanged,none
shrinkage=1,us_house,state:55|district:cong_02,WI,2.0,0.7725599953191382,0.11214528266032361,0.9927,model,unchanged,none
shrinkage=1,us_house,state:55|district:cong_03,WI,3.0,0.49770514552152645,0.11214528266032361,0.4883,model,unchanged,none
shrinkage=1,us_house,state:55|district:cong_04,WI,4.0,0.8092398181349825,0.11214528266032361,0.99715,model,unchanged,none
shrinkage=1,us_house,state:55|district:cong_05,WI,5.0,0.42698965494081786,0.11214528266032361,0.2502,model,unchanged,none
shrinkage=1,us_house,state:55|district:cong_06,WI,6.0,0.4440893668054538,0.11214528266032361,0.3087,model,unchanged,none
shrinkage=1,us_house,state:55|district:cong_07,WI,7.0,0.4316303060039648,0.11214528266032361,0.271,model,unchanged,none
shrinkage=1,us_house,state:55|district:cong_08,WI,8.0,0.46550618848935754,0.11214528266032361,0.3752,model,unchanged,none
shrinkage=1,us_house,state:54|district:cong_01,WV,1.0,0.38776411154566676,0.11214528266032361,0.15885,model,unchanged,none
shrinkage=1,us_house,state:54|district:cong_02,WV,2.0,0.39296763720463423,0.11214528266032361,0.1698,model,unchanged,none
shrinkage=1,us_house,state:56|district:cong_00,WY,0.0,0.36884288609744087,0.11214528266032361,0.11935,model,unchanged,none
shrinkage=1,us_senate,state:02,AK,,0.4877771582835079,0.12833967999474297,0.4574,model,n/a,none
shrinkage=1,us_senate,state:01,AL,,0.4363550145073023,0.12833967999474297,0.3094,model,n/a,none
shrinkage=1,us_senate,state:05,AR,,0.4349825208214412,0.12833967999474297,0.3022,model,n/a,none
shrinkage=1,us_senate,state:08,CO,,0.7547505007307409,0.12833967999474297,0.97545,model,n/a,none
shrinkage=1,us_senate,state:10,DE,,0.7657163499495101,0.12833967999474297,0.983,model,n/a,none
shrinkage=1,us_senate,state:13,GA,,0.7143567189281543,0.12833967999474297,0.95355,model,n/a,none
shrinkage=1,us_senate,state:19,IA,,0.48851769325718875,0.12833967999474297,0.4633,model,n/a,none
shrinkage=1,us_senate,state:16,ID,,0.41648808314313324,0.12833967999474297,0.25625,model,n/a,none
shrinkage=1,us_senate,state:17,IL,,0.7542791458182487,0.12833967999474297,0.97635,model,n/a,none
shrinkage=1,us_senate,state:20,KS,,0.47964459370122314,0.12833967999474297,0.43555,model,n/a,none
shrinkage=1,us_senate,state:21,KY,,0.4359154750617271,0.12833967999474297,0.30725,model,n/a,none
shrinkage=1,us_senate,state:22,LA,,0.461857125012731,0.12833967999474297,0.38615,model,n/a,none
shrinkage=1,us_senate,state:25,MA,,0.7984822737555488,0.12833967999474297,0.98915,model,n/a,none
shrinkage=1,us_senate,state:23,ME,,0.5499504950666056,0.12833967999474297,0.65145,model,n/a,none
shrinkage=1,us_senate,state:26,MI,,0.7166491575932821,0.12833967999474297,0.9571,model,n/a,none
shrinkage=1,us_senate,state:27,MN,,0.733958940065675,0.12833967999474297,0.96425,model,n/a,none
shrinkage=1,us_senate,state:28,MS,,0.4594996199763963,0.12833967999474297,0.3771,model,n/a,none
shrinkage=1,us_senate,state:30,MT,,0.4671791839276218,0.12833967999474297,0.4021,model,n/a,none
shrinkage=1,us_senate,state:37,NC,,0.5189882123797752,0.12833967999474297,0.55825,model,n/a,none
shrinkage=1,us_senate,state:31,NE,,0.46639359683131565,0.12833967999474297,0.39315,model,n/a,none
shrinkage=1,us_senate,state:33,NH,,0.7294049609730138,0.12833967999474297,0.963,model,n/a,none
shrinkage=1,us_senate,state:34,NJ,,0.7389980391084225,0.12833967999474297,0.96955,model,n/a,none
shrinkage=1,us_senate,state:35,NM,,0.7393392901325455,0.12833967999474297,0.96725,model,n/a,none
shrinkage=1,us_senate,state:40,OK,,0.42421200306637197,0.12833967999474297,0.2759,model,n/a,none
shrinkage=1,us_senate,state:41,OR,,0.7654400481249157,0.12833967999474297,0.98035,model,n/a,none
shrinkage=1,us_senate,state:44,RI,,0.7633347386847218,0.12833967999474297,0.97925,model,n/a,none
shrinkage=1,us_senate,state:45,SC,,0.47452307773935765,0.12833967999474297,0.4227,model,n/a,none
shrinkage=1,us_senate,state:46,SD,,0.43931989268700833,0.12833967999474297,0.315,model,n/a,none
shrinkage=1,us_senate,state:47,TN,,0.438629100585038,0.12833967999474297,0.31285,model,n/a,none
shrinkage=1,us_senate,state:48,TX,,0.4872238596841766,0.12833967999474297,0.45935,model,n/a,none
shrinkage=1,us_senate,state:51,VA,,0.7385898157906838,0.12833967999474297,0.97005,model,n/a,none
shrinkage=1,us_senate,state:54,WV,,0.4010329774506116,0.12833967999474297,0.2231,model,n/a,none
shrinkage=1,us_senate,state:56,WY,,0.38825661226159514,0.12833967999474297,0.18895,model,n/a,none
